iteration,step_size
0,1.0
1,0.125
2,0.125
3,0.125
4,0.5
5,0.125
6,0.25
7,0.125
8,0.5
9,0.125
10,1.0
11,0.125
12,0.25
13,0.25
14,0.125
15,1.0
16,0.125
17,0.25
18,0.25
19,0.25
20,0.125
21,1.0
22,0.125
23,0.25
24,0.25
25,0.125
26,1.0
27,0.125
28,0.5
29,0.125
30,0.5
31,0.125
32,1.0
33,0.125
34,0.5
35,0.125
36,0.5
37,0.125
38,1.0
39,0.125
40,0.25
41,0.25
42,0.25
43,0.125
44,1.0
45,0.125
46,0.25
47,0.25
48,0.25
49,0.125
50,1.0
51,0.125
52,0.25
53,0.25
54,0.25
55,0.125
56,1.0
57,0.125
58,0.5
59,0.125
60,0.5
61,0.125
62,1.0
63,0.125
64,0.5
65,0.125
66,0.5
67,0.125
68,1.0
69,0.125
70,0.5
71,0.125
72,0.5
73,0.125
74,1.0
75,0.125
76,0.5
77,0.125
78,0.5
79,0.125
80,1.0
81,0.125
82,0.5
83,0.125
84,0.5
85,0.125
86,1.0
87,0.125
88,0.5
89,0.125
90,0.5
91,0.125
92,1.0
93,0.125
94,0.5
95,0.125
96,1.0
97,0.125
98,0.25
99,0.25
100,0.25
101,0.125
102,1.0
103,0.125
104,0.5
105,0.125
106,0.5
107,0.125
108,1.0
109,0.125
110,0.5
111,0.125
112,0.5
113,0.125
114,1.0
115,0.125
116,0.5
117,0.125
118,1.0
119,0.125
120,0.5
121,0.125
122,0.5
123,0.125
124,1.0
125,0.125
126,0.5
127,0.125
128,0.5
129,0.125
130,1.0
131,0.125
132,0.5
133,0.125
134,0.5
135,0.125
136,1.0
137,0.125
138,0.5
139,0.125
140,1.0
141,0.125
142,0.5
143,0.125
144,0.5
145,0.125
146,1.0
147,0.125
148,0.5
149,0.125
150,0.5
151,0.125
152,1.0
153,0.125
154,0.5
155,0.125
156,1.0
157,0.125
158,0.25
159,0.25
160,0.25
161,0.125
162,1.0
163,0.125
164,0.5
165,0.125
166,0.5
167,0.125
168,1.0
169,0.125
170,0.5
171,0.125
172,0.5
173,0.125
174,1.0
175,0.125
176,0.5
177,0.125
178,1.0
179,0.125
180,0.5
181,0.125
182,0.5
183,0.125
184,1.0
185,0.125
186,0.5
187,0.125
188,0.5
189,0.125
190,1.0
191,0.125
192,0.5
193,0.125
194,1.0
195,0.125
196,0.25
197,0.25
198,0.25
199,0.125
200,1.0
201,0.125
202,0.5
203,0.125
204,0.5
205,0.125
206,1.0
207,0.125
208,0.5
209,0.125
210,1.0
211,0.125
212,0.25
213,0.25
214,0.25
215,0.125
216,1.0
217,0.125
218,0.5
219,0.125
220,0.5
221,0.125
222,1.0
223,0.125
224,0.5
225,0.125
226,1.0
227,0.125
228,0.25
229,0.25
230,0.25
231,0.125
232,1.0
233,0.125
234,0.5
235,0.125
236,0.5
237,0.125
238,1.0
239,0.125
240,0.5
241,0.125
242,1.0
243,0.125
244,0.25
245,0.25
246,0.25
247,0.125
248,1.0
249,0.125
250,0.5
251,0.125
252,0.5
253,0.125
254,1.0
255,0.125
256,0.5
257,0.125
258,1.0
259,0.125
260,0.25
261,0.25
262,0.25
263,0.125
264,1.0
265,0.125
266,0.5
267,0.125
268,0.5
269,0.125
270,1.0
271,0.125
272,0.5
273,0.125
274,1.0
275,0.125
276,0.25
277,0.25
278,0.25
279,0.125
280,1.0
281,0.125
282,0.5
283,0.125
284,0.5
285,0.125
286,1.0
287,0.125
288,0.5
289,0.125
290,1.0
291,0.125
292,0.25
293,0.25
294,0.25
295,0.125
296,1.0
297,0.125
298,0.5
299,0.125
300,0.5
301,0.125
302,1.0
303,0.125
304,0.5
305,0.125
306,1.0
307,0.125
308,0.25
309,0.25
310,0.25
311,0.125
312,1.0
313,0.125
314,0.5
315,0.125
316,0.5
317,0.125
318,1.0
319,0.125
320,0.5
321,0.125
322,1.0
323,0.125
324,0.25
325,0.25
326,0.25
327,0.125
328,1.0
329,0.125
330,0.5
331,0.125
332,0.5
333,0.125
334,1.0
335,0.125
336,0.5
337,0.125
338,1.0
339,0.125
340,0.25
341,0.25
342,0.25
343,0.125
344,1.0
345,0.125
346,0.5
347,0.125
348,0.5
349,0.125
350,1.0
351,0.125
352,0.5
353,0.125
354,1.0
355,0.125
356,0.25
357,0.25
358,0.25
359,0.125
360,1.0
361,0.125
362,0.5
363,0.125
364,0.5
365,0.125
366,1.0
367,0.125
368,0.5
369,0.125
370,1.0
371,0.125
372,0.25
373,0.25
374,0.25
375,0.125
376,1.0
377,0.125
378,0.5
379,0.125
380,0.5
381,0.125
382,1.0
383,0.125
384,0.5
385,0.125
386,1.0
387,0.125
388,0.5
389,0.125
390,0.5
391,0.125
392,1.0
393,0.125
394,0.5
395,0.125
396,0.5
397,0.125
398,1.0
399,0.125
400,0.5
401,0.125
402,1.0
403,0.125
404,0.25
405,0.25
406,0.25
407,0.125
408,1.0
409,0.125
410,0.5
411,0.125
412,0.5
413,0.125
414,1.0
415,0.125
416,0.5
417,0.125
418,1.0
419,0.125
420,0.5
421,0.125
422,0.5
423,0.125
424,1.0
425,0.125
426,0.5
427,0.125
428,0.5
429,0.125
430,1.0
431,0.125
432,0.5
433,0.125
434,1.0
435,0.125
436,0.25
437,0.25
438,0.25
439,0.125
440,1.0
441,0.125
442,0.5
443,0.125
444,0.5
445,0.125
446,1.0
447,0.125
448,0.5
449,0.125
450,1.0
451,0.125
452,0.5
453,0.125
454,0.5
455,0.125
456,1.0
457,0.125
458,0.5
459,0.125
460,0.5
461,0.125
462,1.0
463,0.125
464,0.5
465,0.125
466,1.0
467,0.125
468,0.25
469,0.25
470,0.25
471,0.125
472,1.0
473,0.125
474,0.5
475,0.125
476,0.5
477,0.125
478,1.0
479,0.125
480,0.5
481,0.125
482,1.0
483,0.125
484,0.5
485,0.125
486,0.5
487,0.125
488,1.0
489,0.125
490,0.5
491,0.125
492,0.5
493,0.125
494,1.0
495,0.125
496,0.5
497,0.125
498,1.0
499,0.125
500,0.5
501,0.125
502,0.5
503,0.125
504,1.0
505,0.125
506,0.5
507,0.125
508,0.5
509,0.125
510,1.0
511,0.125
512,0.5
513,0.125
514,1.0
515,0.125
516,0.5
517,0.125
518,0.5
519,0.125
520,1.0
521,0.125
522,0.5
523,0.125
524,0.5
525,0.125
526,1.0
527,0.125
528,0.5
529,0.125
530,1.0
531,0.125
532,0.5
533,0.125
534,0.5
535,0.125
536,1.0
537,0.125
538,0.5
539,0.125
540,0.5
541,0.125
542,1.0
543,0.125
544,0.5
545,0.125
546,1.0
547,0.125
548,0.25
549,0.25
550,0.25
551,0.125
552,1.0
553,0.125
554,0.5
555,0.125
556,0.5
557,0.125
558,1.0
559,0.125
560,0.5
561,0.125
562,1.0
563,0.125
564,0.5
565,0.125
566,0.5
567,0.125
568,1.0
569,0.125
570,0.5
571,0.125
572,0.5
573,0.125
574,1.0
575,0.125
576,0.5
577,0.125
578,1.0
579,0.125
580,0.5
581,0.125
582,0.5
583,0.125
584,1.0
585,0.125
586,0.5
587,0.125
588,0.5
589,0.125
590,1.0
591,0.125
592,0.5
593,0.125
594,1.0
595,0.125
596,0.5
597,0.125
598,0.5
599,0.125
600,1.0
601,0.125
602,0.5
603,0.125
604,0.5
605,0.125
606,1.0
607,0.125
608,0.5
609,0.125
610,1.0
611,0.125
612,0.5
613,0.125
614,0.5
615,0.125
616,1.0
617,0.125
618,0.5
619,0.125
620,0.5
621,0.125
622,1.0
623,0.125
624,0.5
625,0.125
626,1.0
627,0.125
628,0.5
629,0.125
630,0.5
631,0.125
632,1.0
633,0.125
634,0.5
635,0.125
636,0.5
637,0.125
638,1.0
639,0.125
640,0.5
641,0.125
642,1.0
643,0.125
644,0.5
645,0.125
646,0.5
647,0.125
648,1.0
649,0.125
650,0.5
651,0.125
652,1.0
653,0.125
654,0.25
655,0.25
656,0.25
657,0.125
658,1.0
659,0.125
660,0.5
661,0.125
662,0.5
663,0.125
664,1.0
665,0.125
666,0.5
667,0.125
668,1.0
669,0.125
670,0.5
671,0.125
672,0.5
673,0.125
674,1.0
675,0.125
676,0.5
677,0.125
678,0.5
679,0.125
680,1.0
681,0.125
682,0.5
683,0.125
684,1.0
685,0.125
686,0.5
687,0.125
688,0.5
689,0.125
690,1.0
691,0.125
692,0.5
693,0.125
694,0.5
695,0.125
696,1.0
697,0.125
698,0.5
699,0.125
700,1.0
701,0.125
702,0.5
703,0.125
704,0.5
705,0.125
706,1.0
707,0.125
708,0.5
709,0.125
710,0.5
711,0.125
712,1.0
713,0.125
714,0.5
715,0.125
716,1.0
717,0.125
718,0.5
719,0.125
720,0.5
721,0.125
722,1.0
723,0.125
724,0.5
725,0.125
726,1.0
727,0.125
728,0.25
729,0.25
730,0.25
731,0.125
732,1.0
733,0.125
734,0.5
735,0.125
736,0.5
737,0.125
738,1.0
739,0.125
740,0.5
741,0.125
742,1.0
743,0.125
744,0.5
745,0.125
746,0.5
747,0.125
748,1.0
749,0.125
750,0.5
751,0.125
752,0.5
753,0.125
754,1.0
755,0.125
756,0.5
757,0.125
758,1.0
759,0.125
760,0.5
761,0.125
762,0.5
763,0.125
764,1.0
765,0.125
766,0.5
767,0.125
768,0.5
769,0.125
770,1.0
771,0.125
772,0.5
773,0.125
774,1.0
775,0.125
776,0.5
777,0.125
778,0.5
779,0.125
780,1.0
781,0.125
782,0.5
783,0.125
784,1.0
785,0.125
786,0.25
787,0.25
788,0.25
789,0.125
790,1.0
791,0.125
792,0.5
793,0.125
794,0.5
795,0.125
796,1.0
797,0.125
798,0.5
799,0.125
800,1.0
801,0.125
802,0.5
803,0.125
804,0.5
805,0.125
806,1.0
807,0.125
808,0.5
809,0.125
810,1.0
811,0.125
812,0.25
813,0.25
814,0.25
815,0.125
816,1.0
817,0.125
818,0.5
819,0.125
820,0.5
821,0.125
822,1.0
823,0.125
824,0.5
825,0.125
826,1.0
827,0.125
828,0.5
829,0.125
830,0.5
831,0.125
832,1.0
833,0.125
834,0.5
835,0.125
836,0.5
837,0.125
838,1.0
839,0.125
840,0.5
841,0.125
842,1.0
843,0.125
844,0.5
845,0.125
846,0.5
847,0.125
848,1.0
849,0.125
850,0.5
851,0.125
852,1.0
853,0.125
854,0.25
855,0.25
856,0.25
857,0.125
858,1.0
859,0.125
860,0.5
861,0.125
862,0.5
863,0.125
864,1.0
865,0.125
866,0.5
867,0.125
868,1.0
869,0.125
870,0.5
871,0.125
872,0.5
873,0.125
874,1.0
875,0.125
876,0.5
877,0.125
878,1.0
879,0.125
880,0.25
881,0.25
882,0.25
883,0.125
884,1.0
885,0.125
886,0.5
887,0.125
888,0.5
889,0.125
890,1.0
891,0.125
892,0.5
893,0.125
894,1.0
895,0.125
896,0.5
897,0.125
898,0.5
899,0.125
900,1.0
901,0.125
902,0.5
903,0.125
904,1.0
905,0.125
906,0.25
907,0.25
908,0.25
909,0.125
910,1.0
911,0.125
912,0.5
913,0.125
914,0.5
915,0.125
916,1.0
917,0.125
918,0.5
919,0.125
920,1.0
921,0.125
922,0.5
923,0.125
924,0.5
925,0.125
926,1.0
927,0.125
928,0.5
929,0.125
930,1.0
931,0.125
932,0.25
933,0.25
934,0.25
935,0.125
936,1.0
937,0.125
938,0.5
939,0.125
940,0.5
941,0.125
942,1.0
943,0.125
944,0.5
945,0.125
946,1.0
947,0.125
948,0.5
949,0.125
950,0.5
951,0.125
952,1.0
953,0.125
954,0.5
955,0.125
956,1.0
957,0.125
958,0.25
959,0.25
960,0.25
961,0.125
962,1.0
963,0.125
964,0.5
965,0.125
966,0.5
967,0.125
968,1.0
969,0.125
970,0.5
971,0.125
972,1.0
973,0.125
974,0.5
975,0.125
976,0.5
977,0.125
978,1.0
979,0.125
980,0.5
981,0.125
982,1.0
983,0.125
984,0.5
985,0.125
986,0.5
987,0.125
988,1.0
989,0.125
990,0.5
991,0.125
992,0.5
993,0.125
994,1.0
995,0.125
996,0.5
997,0.125
998,1.0
999,0.125
1000,0.5
1001,0.125
1002,0.5
1003,0.125
1004,1.0
1005,0.125
1006,0.5
1007,0.125
1008,1.0
1009,0.125
1010,0.25
1011,0.25
1012,0.25
1013,0.125
1014,1.0
1015,0.125
1016,0.5
1017,0.125
1018,0.5
1019,0.125
1020,1.0
1021,0.125
1022,0.5
1023,0.125
1024,1.0
1025,0.125
1026,0.5
1027,0.125
1028,0.5
1029,0.125
1030,1.0
1031,0.125
1032,0.5
1033,0.125
1034,1.0
1035,0.125
1036,0.5
1037,0.125
1038,0.5
1039,0.125
1040,1.0
1041,0.125
1042,0.5
1043,0.125
1044,0.5
1045,0.125
1046,1.0
1047,0.125
1048,0.5
1049,0.125
1050,1.0
1051,0.125
1052,0.5
1053,0.125
1054,0.5
1055,0.125
1056,1.0
1057,0.125
1058,0.5
1059,0.125
1060,1.0
1061,0.125
1062,0.25
1063,0.25
1064,0.25
1065,0.125
1066,1.0
1067,0.125
1068,0.5
1069,0.125
1070,0.5
1071,0.125
1072,1.0
1073,0.125
1074,0.5
1075,0.125
1076,1.0
1077,0.125
1078,0.5
1079,0.125
1080,0.5
1081,0.125
1082,1.0
1083,0.125
1084,0.5
1085,0.125
1086,1.0
1087,0.125
1088,0.5
1089,0.125
1090,0.5
1091,0.125
1092,1.0
1093,0.125
1094,0.5
1095,0.125
1096,0.5
1097,0.125
1098,1.0
1099,0.125
1100,0.5
1101,0.125
1102,1.0
1103,0.125
1104,0.5
1105,0.125
1106,0.5
1107,0.125
1108,1.0
1109,0.125
1110,0.5
1111,0.125
1112,1.0
1113,0.125
1114,0.5
1115,0.125
1116,0.5
1117,0.125
1118,1.0
1119,0.125
1120,0.5
1121,0.125
1122,0.5
1123,0.125
1124,1.0
1125,0.125
1126,0.5
1127,0.125
1128,1.0
1129,0.125
1130,0.5
1131,0.125
1132,0.5
1133,0.125
1134,1.0
1135,0.125
1136,0.5
1137,0.125
1138,1.0
1139,0.125
1140,0.5
1141,0.125
1142,0.5
1143,0.125
1144,1.0
1145,0.125
1146,0.5
1147,0.125
1148,0.5
1149,0.125
1150,1.0
1151,0.125
1152,0.5
1153,0.125
1154,1.0
1155,0.125
1156,0.5
1157,0.125
1158,0.5
1159,0.125
1160,1.0
1161,0.125
1162,0.5
1163,0.125
1164,1.0
1165,0.125
1166,0.5
1167,0.125
1168,0.5
1169,0.125
1170,1.0
1171,0.125
1172,0.5
1173,0.125
1174,0.5
1175,0.125
1176,1.0
1177,0.125
1178,0.5
1179,0.125
1180,1.0
1181,0.125
1182,0.5
1183,0.125
1184,0.5
1185,0.125
1186,1.0
1187,0.125
1188,0.5
1189,0.125
1190,1.0
1191,0.125
1192,0.5
1193,0.125
1194,0.5
1195,0.125
1196,1.0
1197,0.125
1198,0.5
1199,0.125
1200,0.5
1201,0.125
1202,1.0
1203,0.125
1204,0.5
1205,0.125
1206,1.0
1207,0.125
1208,0.5
1209,0.125
1210,0.5
1211,0.125
1212,1.0
1213,0.125
1214,0.5
1215,0.125
1216,1.0
1217,0.125
1218,0.5
1219,0.125
1220,0.5
1221,0.125
1222,1.0
1223,0.125
1224,0.5
1225,0.125
1226,0.5
1227,0.125
1228,1.0
1229,0.125
1230,0.5
1231,0.125
1232,1.0
1233,0.125
1234,0.5
1235,0.125
1236,0.5
1237,0.125
1238,1.0
1239,0.125
1240,0.5
1241,0.125
1242,1.0
1243,0.125
1244,0.5
1245,0.125
1246,0.5
1247,0.125
1248,1.0
1249,0.125
1250,0.5
1251,0.125
1252,0.5
1253,0.125
1254,1.0
1255,0.125
1256,0.5
1257,0.125
1258,1.0
1259,0.125
1260,0.5
1261,0.125
1262,0.5
1263,0.125
1264,1.0
1265,0.125
1266,0.5
1267,0.125
1268,1.0
1269,0.125
1270,0.5
1271,0.125
1272,0.5
1273,0.125
1274,1.0
1275,0.125
1276,0.5
1277,0.125
1278,0.5
1279,0.125
1280,1.0
1281,0.125
1282,0.5
1283,0.125
1284,1.0
1285,0.125
1286,0.5
1287,0.125
1288,0.5
1289,0.125
1290,1.0
1291,0.125
1292,0.5
1293,0.125
1294,1.0
1295,0.125
1296,0.5
1297,0.125
1298,0.5
1299,0.125
1300,1.0
1301,0.125
1302,0.5
1303,0.125
1304,0.5
1305,0.125
1306,1.0
1307,0.125
1308,0.5
1309,0.125
1310,1.0
1311,0.125
1312,0.5
1313,0.125
1314,0.5
1315,0.125
1316,1.0
1317,0.125
1318,0.5
1319,0.125
1320,1.0
1321,0.125
1322,0.5
1323,0.125
1324,0.5
1325,0.125
1326,1.0
1327,0.125
1328,0.5
1329,0.125
1330,1.0
1331,0.125
1332,0.25
1333,0.25
1334,0.25
1335,0.125
1336,1.0
1337,0.125
1338,0.5
1339,0.125
1340,0.5
1341,0.125
1342,1.0
1343,0.125
1344,0.5
1345,0.125
1346,1.0
1347,0.125
1348,0.5
1349,0.125
1350,0.5
1351,0.125
1352,1.0
1353,0.125
1354,0.5
1355,0.125
1356,1.0
1357,0.125
1358,0.5
1359,0.125
1360,0.5
1361,0.125
1362,1.0
1363,0.125
1364,0.5
1365,0.125
1366,0.5
1367,0.125
1368,1.0
1369,0.125
1370,0.5
1371,0.125
1372,1.0
1373,0.125
1374,0.5
1375,0.125
1376,0.5
1377,0.125
1378,1.0
1379,0.125
1380,0.5
1381,0.125
1382,1.0
1383,0.125
1384,0.5
1385,0.125
1386,0.5
1387,0.125
1388,1.0
1389,0.125
1390,0.5
1391,0.125
1392,0.5
1393,0.125
1394,1.0
1395,0.125
1396,0.5
1397,0.125
1398,1.0
1399,0.125
1400,0.5
1401,0.125
1402,0.5
1403,0.125
1404,1.0
1405,0.125
1406,0.5
1407,0.125
1408,1.0
1409,0.125
1410,0.5
1411,0.125
1412,0.5
1413,0.125
1414,1.0
1415,0.125
1416,0.5
1417,0.125
1418,1.0
1419,0.125
1420,0.25
1421,0.25
1422,0.25
1423,0.125
1424,1.0
1425,0.125
1426,0.5
1427,0.125
1428,0.5
1429,0.125
1430,1.0
1431,0.125
1432,0.5
1433,0.125
1434,1.0
1435,0.125
1436,0.5
1437,0.125
1438,0.5
1439,0.125
1440,1.0
1441,0.125
1442,0.5
1443,0.125
1444,1.0
1445,0.125
1446,0.5
1447,0.125
1448,0.5
1449,0.125
1450,1.0
1451,0.125
1452,0.5
1453,0.125
1454,0.5
1455,0.125
1456,1.0
1457,0.125
1458,0.5
1459,0.125
1460,1.0
1461,0.125
1462,0.5
1463,0.125
1464,0.5
1465,0.125
1466,1.0
1467,0.125
1468,0.5
1469,0.125
1470,1.0
1471,0.125
1472,0.5
1473,0.125
1474,0.5
1475,0.125
1476,1.0
1477,0.125
1478,0.5
1479,0.125
1480,0.5
1481,0.125
1482,1.0
1483,0.125
1484,0.5
1485,0.125
1486,1.0
1487,0.125
1488,0.5
1489,0.125
1490,0.5
1491,0.125
1492,1.0
1493,0.125
1494,0.5
1495,0.125
1496,1.0
1497,0.125
1498,0.5
1499,0.125
1500,0.5
1501,0.125
1502,1.0
1503,0.125
1504,0.5
1505,0.125
1506,1.0
1507,0.125
1508,0.25
1509,0.25
1510,0.25
1511,0.125
1512,1.0
1513,0.125
1514,0.5
1515,0.125
1516,0.5
1517,0.125
1518,1.0
1519,0.125
1520,0.5
1521,0.125
1522,1.0
1523,0.125
1524,0.5
1525,0.125
1526,0.5
1527,0.125
1528,1.0
1529,0.125
1530,0.5
1531,0.125
1532,1.0
1533,0.125
1534,0.5
1535,0.125
1536,0.5
1537,0.125
1538,1.0
1539,0.125
1540,0.5
1541,0.125
1542,0.5
1543,0.125
1544,1.0
1545,0.125
1546,0.5
1547,0.125
1548,1.0
1549,0.125
1550,0.5
1551,0.125
1552,0.5
1553,0.125
1554,1.0
1555,0.125
1556,0.5
1557,0.125
1558,1.0
1559,0.125
1560,0.5
1561,0.125
1562,0.5
1563,0.125
1564,1.0
1565,0.125
1566,0.5
1567,0.125
1568,0.5
1569,0.125
1570,1.0
1571,0.125
1572,0.5
1573,0.125
1574,1.0
1575,0.125
1576,0.5
1577,0.125
1578,0.5
1579,0.125
1580,1.0
1581,0.125
1582,0.5
1583,0.125
1584,1.0
1585,0.125
1586,0.5
1587,0.125
1588,0.5
1589,0.125
1590,1.0
1591,0.125
1592,0.5
1593,0.125
1594,1.0
1595,0.125
1596,0.25
1597,0.25
1598,0.25
1599,0.125
1600,1.0
1601,0.125
1602,0.5
1603,0.125
1604,0.5
1605,0.125
1606,1.0
1607,0.125
1608,0.5
1609,0.125
1610,1.0
1611,0.125
1612,0.5
1613,0.125
1614,0.5
1615,0.125
1616,1.0
1617,0.125
1618,0.5
1619,0.125
1620,1.0
1621,0.125
1622,0.5
1623,0.125
1624,0.5
1625,0.125
1626,1.0
1627,0.125
1628,0.5
1629,0.125
1630,0.5
1631,0.125
1632,1.0
1633,0.125
1634,0.5
1635,0.125
1636,1.0
1637,0.125
1638,0.5
1639,0.125
1640,0.5
1641,0.125
1642,1.0
1643,0.125
1644,0.5
1645,0.125
1646,1.0
1647,0.125
1648,0.5
1649,0.125
1650,0.5
1651,0.125
1652,1.0
1653,0.125
1654,0.5
1655,0.125
1656,0.5
1657,0.125
1658,1.0
1659,0.125
1660,0.5
1661,0.125
1662,1.0
1663,0.125
1664,0.5
1665,0.125
1666,0.5
1667,0.125
1668,1.0
1669,0.125
1670,0.5
1671,0.125
1672,1.0
1673,0.125
1674,0.5
1675,0.125
1676,0.5
1677,0.125
1678,1.0
1679,0.125
1680,0.5
1681,0.125
1682,1.0
1683,0.125
1684,0.25
1685,0.25
1686,0.25
1687,0.125
1688,1.0
1689,0.125
1690,0.5
1691,0.125
1692,0.5
1693,0.125
1694,1.0
1695,0.125
1696,0.5
1697,0.125
1698,1.0
1699,0.125
1700,0.5
1701,0.125
1702,0.5
1703,0.125
1704,1.0
1705,0.125
1706,0.5
1707,0.125
1708,1.0
1709,0.125
1710,0.5
1711,0.125
1712,0.5
1713,0.125
1714,1.0
1715,0.125
1716,0.5
1717,0.125
1718,0.5
1719,0.125
1720,1.0
1721,0.125
1722,0.5
1723,0.125
1724,1.0
1725,0.125
1726,0.5
1727,0.125
1728,0.5
1729,0.125
1730,1.0
1731,0.125
1732,0.5
1733,0.125
1734,1.0
1735,0.125
1736,0.5
1737,0.125
1738,0.5
1739,0.125
1740,1.0
1741,0.125
1742,0.5
1743,0.125
1744,0.5
1745,0.125
1746,1.0
1747,0.125
1748,0.5
1749,0.125
1750,1.0
1751,0.125
1752,0.5
1753,0.125
1754,0.5
1755,0.125
1756,1.0
1757,0.125
1758,0.5
1759,0.125
1760,1.0
1761,0.125
1762,0.5
1763,0.125
1764,0.5
1765,0.125
1766,1.0
1767,0.125
1768,0.5
1769,0.125
1770,1.0
1771,0.125
1772,0.25
1773,0.25
1774,0.25
1775,0.125
1776,1.0
1777,0.125
1778,0.5
1779,0.125
1780,0.5
1781,0.125
1782,1.0
1783,0.125
1784,0.5
1785,0.125
1786,1.0
1787,0.125
1788,0.5
1789,0.125
1790,0.5
1791,0.125
1792,1.0
1793,0.125
1794,0.5
1795,0.125
1796,1.0
1797,0.125
1798,0.5
1799,0.125
1800,0.5
1801,0.125
1802,1.0
1803,0.125
1804,0.5
1805,0.125
1806,0.5
1807,0.125
1808,1.0
1809,0.125
1810,0.5
1811,0.125
1812,1.0
1813,0.125
1814,0.5
1815,0.125
1816,0.5
1817,0.125
1818,1.0
1819,0.125
1820,0.5
1821,0.125
1822,1.0
1823,0.125
1824,0.5
1825,0.125
1826,0.5
1827,0.125
1828,1.0
1829,0.125
1830,0.5
1831,0.125
1832,1.0
1833,0.125
1834,0.25
1835,0.25
1836,0.25
1837,0.125
1838,1.0
1839,0.125
1840,0.5
1841,0.125
1842,0.5
1843,0.125
1844,1.0
1845,0.125
1846,0.5
1847,0.125
1848,1.0
1849,0.125
1850,0.5
1851,0.125
1852,0.5
1853,0.125
1854,1.0
1855,0.125
1856,0.5
1857,0.125
1858,1.0
1859,0.125
1860,0.5
1861,0.125
1862,0.5
1863,0.125
1864,1.0
1865,0.125
1866,0.5
1867,0.125
1868,0.5
1869,0.125
1870,1.0
1871,0.125
1872,0.5
1873,0.125
1874,1.0
1875,0.125
1876,0.5
1877,0.125
1878,0.5
1879,0.125
1880,1.0
1881,0.125
1882,0.5
1883,0.125
1884,1.0
1885,0.125
1886,0.5
1887,0.125
1888,0.5
1889,0.125
1890,1.0
1891,0.125
1892,0.5
1893,0.125
1894,0.5
1895,0.125
1896,1.0
1897,0.125
1898,0.5
1899,0.125
1900,1.0
1901,0.125
1902,0.5
1903,0.125
1904,0.5
1905,0.125
1906,1.0
1907,0.125
1908,0.5
1909,0.125
1910,1.0
1911,0.125
1912,0.5
1913,0.125
1914,0.5
1915,0.125
1916,1.0
1917,0.125
1918,0.5
1919,0.125
1920,1.0
1921,0.125
1922,0.25
1923,0.25
1924,0.25
1925,0.125
1926,1.0
1927,0.125
1928,0.5
1929,0.125
1930,0.5
1931,0.125
1932,1.0
1933,0.125
1934,0.5
1935,0.125
1936,1.0
1937,0.125
1938,0.5
1939,0.125
1940,0.5
1941,0.125
1942,1.0
1943,0.125
1944,0.5
1945,0.125
1946,1.0
1947,0.125
1948,0.5
1949,0.125
1950,0.5
1951,0.125
1952,1.0
1953,0.125
1954,0.5
1955,0.125
1956,0.5
1957,0.125
1958,1.0
1959,0.125
1960,0.5
1961,0.125
1962,1.0
1963,0.125
1964,0.5
1965,0.125
1966,0.5
1967,0.125
1968,1.0
1969,0.125
1970,0.5
1971,0.125
1972,1.0
1973,0.125
1974,0.5
1975,0.125
1976,0.5
1977,0.125
1978,1.0
1979,0.125
1980,0.5
1981,0.125
1982,0.5
1983,0.125
1984,1.0
1985,0.125
1986,0.5
1987,0.125
1988,1.0
1989,0.125
1990,0.5
1991,0.125
1992,0.5
1993,0.125
1994,1.0
1995,0.125
1996,0.5
1997,0.125
1998,1.0
1999,0.125
2000,0.5
2001,0.125
2002,0.5
2003,0.125
2004,1.0
2005,0.125
2006,0.5
2007,0.125
2008,1.0
2009,0.125
2010,0.25
2011,0.25
2012,0.25
2013,0.125
2014,1.0
2015,0.125
2016,0.5
2017,0.125
2018,0.5
2019,0.125
2020,1.0
2021,0.125
2022,0.5
2023,0.125
2024,1.0
2025,0.125
2026,0.5
2027,0.125
2028,0.5
2029,0.125
2030,1.0
2031,0.125
2032,0.5
2033,0.125
2034,1.0
2035,0.125
2036,0.5
2037,0.125
2038,0.5
2039,0.125
2040,1.0
2041,0.125
2042,0.5
2043,0.125
2044,0.5
2045,0.125
2046,1.0
2047,0.125
2048,0.5
2049,0.125
2050,1.0
2051,0.125
2052,0.5
2053,0.125
2054,0.5
2055,0.125
2056,1.0
2057,0.125
2058,0.5
2059,0.125
2060,1.0
2061,0.125
2062,0.5
2063,0.125
2064,0.5
2065,0.125
2066,1.0
2067,0.125
2068,0.5
2069,0.125
2070,1.0
2071,0.125
2072,0.25
2073,0.25
2074,0.25
2075,0.125
2076,1.0
2077,0.125
2078,0.5
2079,0.125
2080,0.5
2081,0.125
2082,1.0
2083,0.125
2084,0.5
2085,0.125
2086,1.0
2087,0.125
2088,0.5
2089,0.125
2090,0.5
2091,0.125
2092,1.0
2093,0.125
2094,0.5
2095,0.125
2096,1.0
2097,0.125
2098,0.5
2099,0.125
2100,0.5
2101,0.125
2102,1.0
2103,0.125
2104,0.5
2105,0.125
2106,0.5
2107,0.125
2108,1.0
2109,0.125
2110,0.5
2111,0.125
2112,1.0
2113,0.125
2114,0.5
2115,0.125
2116,0.5
2117,0.125
2118,1.0
2119,0.125
2120,0.5
2121,0.125
2122,1.0
2123,0.125
2124,0.5
2125,0.125
2126,0.5
2127,0.125
2128,1.0
2129,0.125
2130,0.5
2131,0.125
2132,0.5
2133,0.125
2134,1.0
2135,0.125
2136,0.5
2137,0.125
2138,1.0
2139,0.125
2140,0.5
2141,0.125
2142,0.5
2143,0.125
2144,1.0
2145,0.125
2146,0.5
2147,0.125
2148,1.0
2149,0.125
2150,0.5
2151,0.125
2152,0.5
2153,0.125
2154,1.0
2155,0.125
2156,0.5
2157,0.125
2158,1.0
2159,0.125
2160,0.25
2161,0.25
2162,0.25
2163,0.125
2164,1.0
2165,0.125
2166,0.5
2167,0.125
2168,0.5
2169,0.125
2170,1.0
2171,0.125
2172,0.5
2173,0.125
2174,1.0
2175,0.125
2176,0.5
2177,0.125
2178,0.5
2179,0.125
2180,1.0
2181,0.125
2182,0.5
2183,0.125
2184,1.0
2185,0.125
2186,0.5
2187,0.125
2188,0.5
2189,0.125
2190,1.0
2191,0.125
2192,0.5
2193,0.125
2194,0.5
2195,0.125
2196,1.0
2197,0.125
2198,0.5
2199,0.125
2200,1.0
2201,0.125
2202,0.5
2203,0.125
2204,0.5
2205,0.125
2206,1.0
2207,0.125
2208,0.5
2209,0.125
2210,1.0
2211,0.125
2212,0.5
2213,0.125
2214,0.5
2215,0.125
2216,1.0
2217,0.125
2218,0.5
2219,0.125
2220,0.5
2221,0.125
2222,1.0
2223,0.125
2224,0.5
2225,0.125
2226,1.0
2227,0.125
2228,0.5
2229,0.125
2230,0.5
2231,0.125
2232,1.0
2233,0.125
2234,0.5
2235,0.125
2236,1.0
2237,0.125
2238,0.5
2239,0.125
2240,0.5
2241,0.125
2242,1.0
2243,0.125
2244,0.5
2245,0.125
2246,1.0
2247,0.125
2248,0.25
2249,0.25
2250,0.25
2251,0.125
2252,1.0
2253,0.125
2254,0.5
2255,0.125
2256,0.5
2257,0.125
2258,1.0
2259,0.125
2260,0.5
2261,0.125
2262,1.0
2263,0.125
2264,0.5
2265,0.125
2266,0.5
2267,0.125
2268,1.0
2269,0.125
2270,0.5
2271,0.125
2272,1.0
2273,0.125
2274,0.5
2275,0.125
2276,0.5
2277,0.125
2278,1.0
2279,0.125
2280,0.5
2281,0.125
2282,0.5
2283,0.125
2284,1.0
2285,0.125
2286,0.5
2287,0.125
2288,1.0
2289,0.125
2290,0.5
2291,0.125
2292,0.5
2293,0.125
2294,1.0
2295,0.125
2296,0.5
2297,0.125
2298,1.0
2299,0.125
2300,0.5
2301,0.125
2302,0.5
2303,0.125
2304,1.0
2305,0.125
2306,0.5
2307,0.125
2308,1.0
2309,0.125
2310,0.25
2311,0.25
2312,0.25
2313,0.125
2314,1.0
2315,0.125
2316,0.5
2317,0.125
2318,0.5
2319,0.125
2320,1.0
2321,0.125
2322,0.5
2323,0.125
2324,1.0
2325,0.125
2326,0.5
2327,0.125
2328,0.5
2329,0.125
2330,1.0
2331,0.125
2332,0.5
2333,0.125
2334,1.0
2335,0.125
2336,0.5
2337,0.125
2338,0.5
2339,0.125
2340,1.0
2341,0.125
2342,0.5
2343,0.125
2344,0.5
2345,0.125
2346,1.0
2347,0.125
2348,0.5
2349,0.125
2350,1.0
2351,0.125
2352,0.5
2353,0.125
2354,0.5
2355,0.125
2356,1.0
2357,0.125
2358,0.5
2359,0.125
2360,1.0
2361,0.125
2362,0.5
2363,0.125
2364,0.5
2365,0.125
2366,1.0
2367,0.125
2368,0.5
2369,0.125
2370,0.5
2371,0.125
2372,1.0
2373,0.125
2374,0.5
2375,0.125
2376,1.0
2377,0.125
2378,0.5
2379,0.125
2380,0.5
2381,0.125
2382,1.0
2383,0.125
2384,0.5
2385,0.125
2386,1.0
2387,0.125
2388,0.5
2389,0.125
2390,0.5
2391,0.125
2392,1.0
2393,0.125
2394,0.5
2395,0.125
2396,1.0
2397,0.125
2398,0.25
2399,0.25
2400,0.25
2401,0.125
2402,1.0
2403,0.125
2404,0.5
2405,0.125
2406,0.5
2407,0.125
2408,1.0
2409,0.125
2410,0.5
2411,0.125
2412,1.0
2413,0.125
2414,0.5
2415,0.125
2416,0.5
2417,0.125
2418,1.0
2419,0.125
2420,0.5
2421,0.125
2422,1.0
2423,0.125
2424,0.5
2425,0.125
2426,0.5
2427,0.125
2428,1.0
2429,0.125
2430,0.5
2431,0.125
2432,0.5
2433,0.125
2434,1.0
2435,0.125
2436,0.5
2437,0.125
2438,1.0
2439,0.125
2440,0.5
2441,0.125
2442,0.5
2443,0.125
2444,1.0
2445,0.125
2446,0.5
2447,0.125
2448,1.0
2449,0.125
2450,0.5
2451,0.125
2452,0.5
2453,0.125
2454,1.0
2455,0.125
2456,0.5
2457,0.125
2458,0.5
2459,0.125
2460,1.0
2461,0.125
2462,0.5
2463,0.125
2464,1.0
2465,0.125
2466,0.5
2467,0.125
2468,0.5
2469,0.125
2470,1.0
2471,0.125
2472,0.5
2473,0.125
2474,1.0
2475,0.125
2476,0.5
2477,0.125
2478,0.5
2479,0.125
2480,1.0
2481,0.125
2482,0.5
2483,0.125
2484,1.0
2485,0.125
2486,0.25
2487,0.25
2488,0.25
2489,0.125
2490,1.0
2491,0.125
2492,0.5
2493,0.125
2494,0.5
2495,0.125
2496,1.0
2497,0.125
2498,0.5
2499,0.125
2500,1.0
2501,0.125
2502,0.5
2503,0.125
2504,0.5
2505,0.125
2506,1.0
2507,0.125
2508,0.5
2509,0.125
2510,1.0
2511,0.125
2512,0.5
2513,0.125
2514,0.5
2515,0.125
2516,1.0
2517,0.125
2518,0.5
2519,0.125
2520,0.5
2521,0.125
2522,1.0
2523,0.125
2524,0.5
2525,0.125
2526,1.0
2527,0.125
2528,0.5
2529,0.125
2530,0.5
2531,0.125
2532,1.0
2533,0.125
2534,0.5
2535,0.125
2536,1.0
2537,0.125
2538,0.5
2539,0.125
2540,0.5
2541,0.125
2542,1.0
2543,0.125
2544,0.5
2545,0.125
2546,1.0
2547,0.125
2548,0.25
2549,0.25
2550,0.25
2551,0.125
2552,1.0
2553,0.125
2554,0.5
2555,0.125
2556,0.5
2557,0.125
2558,1.0
2559,0.125
2560,0.5
2561,0.125
2562,1.0
2563,0.125
2564,0.5
2565,0.125
2566,0.5
2567,0.125
2568,1.0
2569,0.125
2570,0.5
2571,0.125
2572,1.0
2573,0.125
2574,0.5
2575,0.125
2576,0.5
2577,0.125
2578,1.0
2579,0.125
2580,0.5
2581,0.125
2582,0.5
2583,0.125
2584,1.0
2585,0.125
2586,0.5
2587,0.125
2588,1.0
2589,0.125
2590,0.5
2591,0.125
2592,0.5
2593,0.125
2594,1.0
2595,0.125
2596,0.5
2597,0.125
2598,1.0
2599,0.125
2600,0.5
2601,0.125
2602,0.5
2603,0.125
2604,1.0
2605,0.125
2606,0.5
2607,0.125
2608,0.5
2609,0.125
2610,1.0
2611,0.125
2612,0.5
2613,0.125
2614,1.0
2615,0.125
2616,0.5
2617,0.125
2618,0.5
2619,0.125
2620,1.0
2621,0.125
2622,0.5
2623,0.125
2624,1.0
2625,0.125
2626,0.5
2627,0.125
2628,0.5
2629,0.125
2630,1.0
2631,0.125
2632,0.5
2633,0.125
2634,1.0
2635,0.125
2636,0.25
2637,0.25
2638,0.25
2639,0.125
2640,1.0
2641,0.125
2642,0.5
2643,0.125
2644,0.5
2645,0.125
2646,1.0
2647,0.125
2648,0.5
2649,0.125
2650,1.0
2651,0.125
2652,0.5
2653,0.125
2654,0.5
2655,0.125
2656,1.0
2657,0.125
2658,0.5
2659,0.125
2660,1.0
2661,0.125
2662,0.5
2663,0.125
2664,0.5
2665,0.125
2666,1.0
2667,0.125
2668,0.5
2669,0.125
2670,0.5
2671,0.125
2672,1.0
2673,0.125
2674,0.5
2675,0.125
2676,1.0
2677,0.125
2678,0.5
2679,0.125
2680,0.5
2681,0.125
2682,1.0
2683,0.125
2684,0.5
2685,0.125
2686,1.0
2687,0.125
2688,0.5
2689,0.125
2690,0.5
2691,0.125
2692,1.0
2693,0.125
2694,0.5
2695,0.125
2696,0.5
2697,0.125
2698,1.0
2699,0.125
2700,0.5
2701,0.125
2702,1.0
2703,0.125
2704,0.5
2705,0.125
2706,0.5
2707,0.125
2708,1.0
2709,0.125
2710,0.5
2711,0.125
2712,1.0
2713,0.125
2714,0.5
2715,0.125
2716,0.5
2717,0.125
2718,1.0
2719,0.125
2720,0.5
2721,0.125
2722,1.0
2723,0.125
2724,0.25
2725,0.25
2726,0.25
2727,0.125
2728,1.0
2729,0.125
2730,0.5
2731,0.125
2732,0.5
2733,0.125
2734,1.0
2735,0.125
2736,0.5
2737,0.125
2738,1.0
2739,0.125
2740,0.5
2741,0.125
2742,0.5
2743,0.125
2744,1.0
2745,0.125
2746,0.5
2747,0.125
2748,1.0
2749,0.125
2750,0.5
2751,0.125
2752,0.5
2753,0.125
2754,1.0
2755,0.125
2756,0.5
2757,0.125
2758,0.5
2759,0.125
2760,1.0
2761,0.125
2762,0.5
2763,0.125
2764,1.0
2765,0.125
2766,0.5
2767,0.125
2768,0.5
2769,0.125
2770,1.0
2771,0.125
2772,0.5
2773,0.125
2774,1.0
2775,0.125
2776,0.5
2777,0.125
2778,0.5
2779,0.125
2780,1.0
2781,0.125
2782,0.5
2783,0.125
2784,1.0
2785,0.125
2786,0.25
2787,0.25
2788,0.25
2789,0.125
2790,1.0
2791,0.125
2792,0.5
2793,0.125
2794,0.5
2795,0.125
2796,1.0
2797,0.125
2798,0.5
2799,0.125
2800,1.0
2801,0.125
2802,0.5
2803,0.125
2804,0.5
2805,0.125
2806,1.0
2807,0.125
2808,0.5
2809,0.125
2810,1.0
2811,0.125
2812,0.5
2813,0.125
2814,0.5
2815,0.125
2816,1.0
2817,0.125
2818,0.5
2819,0.125
2820,0.5
2821,0.125
2822,1.0
2823,0.125
2824,0.5
2825,0.125
2826,1.0
2827,0.125
2828,0.5
2829,0.125
2830,0.5
2831,0.125
2832,1.0
2833,0.125
2834,0.5
2835,0.125
2836,1.0
2837,0.125
2838,0.5
2839,0.125
2840,0.5
2841,0.125
2842,1.0
2843,0.125
2844,0.5
2845,0.125
2846,0.5
2847,0.125
2848,1.0
2849,0.125
2850,0.5
2851,0.125
2852,1.0
2853,0.125
2854,0.5
2855,0.125
2856,0.5
2857,0.125
2858,1.0
2859,0.125
2860,0.5
2861,0.125
2862,1.0
2863,0.125
2864,0.5
2865,0.125
2866,0.5
2867,0.125
2868,1.0
2869,0.125
2870,0.5
2871,0.125
2872,1.0
2873,0.125
2874,0.25
2875,0.25
2876,0.25
2877,0.125
2878,1.0
2879,0.125
2880,0.5
2881,0.125
2882,0.5
2883,0.125
2884,1.0
2885,0.125
2886,0.5
2887,0.125
2888,1.0
2889,0.125
2890,0.5
2891,0.125
2892,0.5
2893,0.125
2894,1.0
2895,0.125
2896,0.5
2897,0.125
2898,1.0
2899,0.125
2900,0.5
2901,0.125
2902,0.5
2903,0.125
2904,1.0
2905,0.125
2906,0.5
2907,0.125
2908,0.5
2909,0.125
2910,1.0
2911,0.125
2912,0.5
2913,0.125
2914,1.0
2915,0.125
2916,0.5
2917,0.125
2918,0.5
2919,0.125
2920,1.0
2921,0.125
2922,0.5
2923,0.125
2924,1.0
2925,0.125
2926,0.5
2927,0.125
2928,0.5
2929,0.125
2930,1.0
2931,0.125
2932,0.5
2933,0.125
2934,1.0
2935,0.125
2936,0.25
2937,0.25
2938,0.25
2939,0.125
2940,1.0
2941,0.125
2942,0.5
2943,0.125
2944,0.5
2945,0.125
2946,1.0
2947,0.125
2948,0.5
2949,0.125
2950,1.0
2951,0.125
2952,0.5
2953,0.125
2954,0.5
2955,0.125
2956,1.0
2957,0.125
2958,0.5
2959,0.125
2960,1.0
2961,0.125
2962,0.5
2963,0.125
2964,0.5
2965,0.125
2966,1.0
2967,0.125
2968,0.5
2969,0.125
2970,0.5
2971,0.125
2972,1.0
2973,0.125
2974,0.5
2975,0.125
2976,1.0
2977,0.125
2978,0.5
2979,0.125
2980,0.5
2981,0.125
2982,1.0
2983,0.125
2984,0.5
2985,0.125
2986,1.0
2987,0.125
2988,0.5
2989,0.125
2990,0.5
2991,0.125
2992,1.0
2993,0.125
2994,0.5
2995,0.125
2996,0.5
2997,0.125
2998,1.0
2999,0.125
3000,0.5
3001,0.125
3002,1.0
3003,0.125
3004,0.5
3005,0.125
3006,0.5
3007,0.125
3008,1.0
3009,0.125
3010,0.5
3011,0.125
3012,1.0
3013,0.125
3014,0.5
3015,0.125
3016,0.5
3017,0.125
3018,1.0
3019,0.125
3020,0.5
3021,0.125
3022,1.0
3023,0.125
3024,0.25
3025,0.25
3026,0.25
3027,0.125
3028,1.0
3029,0.125
3030,0.5
3031,0.125
3032,0.5
3033,0.125
3034,1.0
3035,0.125
3036,0.5
3037,0.125
3038,1.0
3039,0.125
3040,0.5
3041,0.125
3042,0.5
3043,0.125
3044,1.0
3045,0.125
3046,0.5
3047,0.125
3048,1.0
3049,0.125
3050,0.5
3051,0.125
3052,0.5
3053,0.125
3054,1.0
3055,0.125
3056,0.5
3057,0.125
3058,0.5
3059,0.125
3060,1.0
3061,0.125
3062,0.5
3063,0.125
3064,1.0
3065,0.125
3066,0.5
3067,0.125
3068,0.5
3069,0.125
3070,1.0
3071,0.125
3072,0.5
3073,0.125
3074,1.0
3075,0.125
3076,0.5
3077,0.125
3078,0.5
3079,0.125
3080,1.0
3081,0.125
3082,0.5
3083,0.125
3084,0.5
3085,0.125
3086,1.0
3087,0.125
3088,0.5
3089,0.125
3090,1.0
3091,0.125
3092,0.5
3093,0.125
3094,0.5
3095,0.125
3096,1.0
3097,0.125
3098,0.5
3099,0.125
3100,1.0
3101,0.125
3102,0.5
3103,0.125
3104,0.5
3105,0.125
3106,1.0
3107,0.125
3108,0.5
3109,0.125
3110,1.0
3111,0.125
3112,0.25
3113,0.25
3114,0.25
3115,0.125
3116,1.0
3117,0.125
3118,0.5
3119,0.125
3120,0.5
3121,0.125
3122,1.0
3123,0.125
3124,0.5
3125,0.125
3126,1.0
3127,0.125
3128,0.5
3129,0.125
3130,0.5
3131,0.125
3132,1.0
3133,0.125
3134,0.5
3135,0.125
3136,1.0
3137,0.125
3138,0.5
3139,0.125
3140,0.5
3141,0.125
3142,1.0
3143,0.125
3144,0.5
3145,0.125
3146,0.5
3147,0.125
3148,1.0
3149,0.125
3150,0.5
3151,0.125
3152,1.0
3153,0.125
3154,0.5
3155,0.125
3156,0.5
3157,0.125
3158,1.0
3159,0.125
3160,0.5
3161,0.125
3162,1.0
3163,0.125
3164,0.5
3165,0.125
3166,0.5
3167,0.125
3168,1.0
3169,0.125
3170,0.5
3171,0.125
3172,1.0
3173,0.125
3174,0.25
3175,0.25
3176,0.25
3177,0.125
3178,1.0
3179,0.125
3180,0.5
3181,0.125
3182,0.5
3183,0.125
3184,1.0
3185,0.125
3186,0.5
3187,0.125
3188,1.0
3189,0.125
3190,0.5
3191,0.125
3192,0.5
3193,0.125
3194,1.0
3195,0.125
3196,0.5
3197,0.125
3198,1.0
3199,0.125
3200,0.5
3201,0.125
3202,0.5
3203,0.125
3204,1.0
3205,0.125
3206,0.5
3207,0.125
3208,0.5
3209,0.125
3210,1.0
3211,0.125
3212,0.5
3213,0.125
3214,1.0
3215,0.125
3216,0.5
3217,0.125
3218,0.5
3219,0.125
3220,1.0
3221,0.125
3222,0.5
3223,0.125
3224,1.0
3225,0.125
3226,0.5
3227,0.125
3228,0.5
3229,0.125
3230,1.0
3231,0.125
3232,0.5
3233,0.125
3234,0.5
3235,0.125
3236,1.0
3237,0.125
3238,0.5
3239,0.125
3240,1.0
3241,0.125
3242,0.5
3243,0.125
3244,0.5
3245,0.125
3246,1.0
3247,0.125
3248,0.5
3249,0.125
3250,1.0
3251,0.125
3252,0.5
3253,0.125
3254,0.5
3255,0.125
3256,1.0
3257,0.125
3258,0.5
3259,0.125
3260,1.0
3261,0.125
3262,0.25
3263,0.25
3264,0.25
3265,0.125
3266,1.0
3267,0.125
3268,0.5
3269,0.125
3270,0.5
3271,0.125
3272,1.0
3273,0.125
3274,0.5
3275,0.125
3276,1.0
3277,0.125
3278,0.5
3279,0.125
3280,0.5
3281,0.125
3282,1.0
3283,0.125
3284,0.5
3285,0.125
3286,1.0
3287,0.125
3288,0.5
3289,0.125
3290,0.5
3291,0.125
3292,1.0
3293,0.125
3294,0.5
3295,0.125
3296,0.5
3297,0.125
3298,1.0
3299,0.125
3300,0.5
3301,0.125
3302,1.0
3303,0.125
3304,0.5
3305,0.125
3306,0.5
3307,0.125
3308,1.0
3309,0.125
3310,0.5
3311,0.125
3312,1.0
3313,0.125
3314,0.5
3315,0.125
3316,0.5
3317,0.125
3318,1.0
3319,0.125
3320,0.5
3321,0.125
3322,0.5
3323,0.125
3324,1.0
3325,0.125
3326,0.5
3327,0.125
3328,1.0
3329,0.125
3330,0.5
3331,0.125
3332,0.5
3333,0.125
3334,1.0
3335,0.125
3336,0.5
3337,0.125
3338,1.0
3339,0.125
3340,0.5
3341,0.125
3342,0.5
3343,0.125
3344,1.0
3345,0.125
3346,0.5
3347,0.125
3348,1.0
3349,0.125
3350,0.25
3351,0.25
3352,0.25
3353,0.125
3354,1.0
3355,0.125
3356,0.5
3357,0.125
3358,0.5
3359,0.125
3360,1.0
3361,0.125
3362,0.5
3363,0.125
3364,1.0
3365,0.125
3366,0.5
3367,0.125
3368,0.5
3369,0.125
3370,1.0
3371,0.125
3372,0.5
3373,0.125
3374,1.0
3375,0.125
3376,0.5
3377,0.125
3378,0.5
3379,0.125
3380,1.0
3381,0.125
3382,0.5
3383,0.125
3384,0.5
3385,0.125
3386,1.0
3387,0.125
3388,0.5
3389,0.125
3390,1.0
3391,0.125
3392,0.5
3393,0.125
3394,0.5
3395,0.125
3396,1.0
3397,0.125
3398,0.5
3399,0.125
3400,1.0
3401,0.125
3402,0.5
3403,0.125
3404,0.5
3405,0.125
3406,1.0
3407,0.125
3408,0.5
3409,0.125
3410,1.0
3411,0.125
3412,0.25
3413,0.25
3414,0.25
3415,0.125
3416,1.0
3417,0.125
3418,0.5
3419,0.125
3420,0.5
3421,0.125
3422,1.0
3423,0.125
3424,0.5
3425,0.125
3426,1.0
3427,0.125
3428,0.5
3429,0.125
3430,0.5
3431,0.125
3432,1.0
3433,0.125
3434,0.5
3435,0.125
3436,1.0
3437,0.125
3438,0.5
3439,0.125
3440,0.5
3441,0.125
3442,1.0
3443,0.125
3444,0.5
3445,0.125
3446,0.5
3447,0.125
3448,1.0
3449,0.125
3450,0.5
3451,0.125
3452,1.0
3453,0.125
3454,0.5
3455,0.125
3456,0.5
3457,0.125
3458,1.0
3459,0.125
3460,0.5
3461,0.125
3462,1.0
3463,0.125
3464,0.5
3465,0.125
3466,0.5
3467,0.125
3468,1.0
3469,0.125
3470,0.5
3471,0.125
3472,0.5
3473,0.125
3474,1.0
3475,0.125
3476,0.5
3477,0.125
3478,1.0
3479,0.125
3480,0.5
3481,0.125
3482,0.5
3483,0.125
3484,1.0
3485,0.125
3486,0.5
3487,0.125
3488,1.0
3489,0.125
3490,0.5
3491,0.125
3492,0.5
3493,0.125
3494,1.0
3495,0.125
3496,0.5
3497,0.125
3498,1.0
3499,0.125
3500,0.25
3501,0.25
3502,0.25
3503,0.125
3504,1.0
3505,0.125
3506,0.5
3507,0.125
3508,0.5
3509,0.125
3510,1.0
3511,0.125
3512,0.5
3513,0.125
3514,1.0
3515,0.125
3516,0.5
3517,0.125
3518,0.5
3519,0.125
3520,1.0
3521,0.125
3522,0.5
3523,0.125
3524,1.0
3525,0.125
3526,0.5
3527,0.125
3528,0.5
3529,0.125
3530,1.0
3531,0.125
3532,0.5
3533,0.125
3534,0.5
3535,0.125
3536,1.0
3537,0.125
3538,0.5
3539,0.125
3540,1.0
3541,0.125
3542,0.5
3543,0.125
3544,0.5
3545,0.125
3546,1.0
3547,0.125
3548,0.5
3549,0.125
3550,1.0
3551,0.125
3552,0.5
3553,0.125
3554,0.5
3555,0.125
3556,1.0
3557,0.125
3558,0.5
3559,0.125
3560,0.5
3561,0.125
3562,1.0
3563,0.125
3564,0.5
3565,0.125
3566,1.0
3567,0.125
3568,0.5
3569,0.125
3570,0.5
3571,0.125
3572,1.0
3573,0.125
3574,0.5
3575,0.125
3576,1.0
3577,0.125
3578,0.5
3579,0.125
3580,0.5
3581,0.125
3582,1.0
3583,0.125
3584,0.5
3585,0.125
3586,1.0
3587,0.125
3588,0.25
3589,0.25
3590,0.25
3591,0.125
3592,1.0
3593,0.125
3594,0.5
3595,0.125
3596,0.5
3597,0.125
3598,1.0
3599,0.125
3600,0.5
3601,0.125
3602,1.0
3603,0.125
3604,0.5
3605,0.125
3606,0.5
3607,0.125
3608,1.0
3609,0.125
3610,0.5
3611,0.125
3612,1.0
3613,0.125
3614,0.5
3615,0.125
3616,0.5
3617,0.125
3618,1.0
3619,0.125
3620,0.5
3621,0.125
3622,0.5
3623,0.125
3624,1.0
3625,0.125
3626,0.5
3627,0.125
3628,1.0
3629,0.125
3630,0.5
3631,0.125
3632,0.5
3633,0.125
3634,1.0
3635,0.125
3636,0.5
3637,0.125
3638,1.0
3639,0.125
3640,0.5
3641,0.125
3642,0.5
3643,0.125
3644,1.0
3645,0.125
3646,0.5
3647,0.125
3648,1.0
3649,0.125
3650,0.25
3651,0.25
3652,0.25
3653,0.125
3654,1.0
3655,0.125
3656,0.5
3657,0.125
3658,0.5
3659,0.125
3660,1.0
3661,0.125
3662,0.5
3663,0.125
3664,1.0
3665,0.125
3666,0.5
3667,0.125
3668,0.5
3669,0.125
3670,1.0
3671,0.125
3672,0.5
3673,0.125
3674,1.0
3675,0.125
3676,0.5
3677,0.125
3678,0.5
3679,0.125
3680,1.0
3681,0.125
3682,0.5
3683,0.125
3684,0.5
3685,0.125
3686,1.0
3687,0.125
3688,0.5
3689,0.125
3690,1.0
3691,0.125
3692,0.5
3693,0.125
3694,0.5
3695,0.125
3696,1.0
3697,0.125
3698,0.5
3699,0.125
3700,1.0
3701,0.125
3702,0.5
3703,0.125
3704,0.5
3705,0.125
3706,1.0
3707,0.125
3708,0.5
3709,0.125
3710,0.5
3711,0.125
3712,1.0
3713,0.125
3714,0.5
3715,0.125
3716,1.0
3717,0.125
3718,0.5
3719,0.125
3720,0.5
3721,0.125
3722,1.0
3723,0.125
3724,0.5
3725,0.125
3726,1.0
3727,0.125
3728,0.5
3729,0.125
3730,0.5
3731,0.125
3732,1.0
3733,0.125
3734,0.5
3735,0.125
3736,1.0
3737,0.125
3738,0.25
3739,0.25
3740,0.25
3741,0.125
3742,1.0
3743,0.125
3744,0.5
3745,0.125
3746,0.5
3747,0.125
3748,1.0
3749,0.125
3750,0.5
3751,0.125
3752,1.0
3753,0.125
3754,0.5
3755,0.125
3756,0.5
3757,0.125
3758,1.0
3759,0.125
3760,0.5
3761,0.125
3762,1.0
3763,0.125
3764,0.5
3765,0.125
3766,0.5
3767,0.125
3768,1.0
3769,0.125
3770,0.5
3771,0.125
3772,0.5
3773,0.125
3774,1.0
3775,0.125
3776,0.5
3777,0.125
3778,1.0
3779,0.125
3780,0.5
3781,0.125
3782,0.5
3783,0.125
3784,1.0
3785,0.125
3786,0.5
3787,0.125
3788,1.0
3789,0.125
3790,0.5
3791,0.125
3792,0.5
3793,0.125
3794,1.0
3795,0.125
3796,0.5
3797,0.125
3798,0.5
3799,0.125
3800,1.0
3801,0.125
3802,0.5
3803,0.125
3804,1.0
3805,0.125
3806,0.5
3807,0.125
3808,0.5
3809,0.125
3810,1.0
3811,0.125
3812,0.5
3813,0.125
3814,1.0
3815,0.125
3816,0.5
3817,0.125
3818,0.5
3819,0.125
3820,1.0
3821,0.125
3822,0.5
3823,0.125
3824,1.0
3825,0.125
3826,0.25
3827,0.25
3828,0.25
3829,0.125
3830,1.0
3831,0.125
3832,0.5
3833,0.125
3834,0.5
3835,0.125
3836,1.0
3837,0.125
3838,0.5
3839,0.125
3840,1.0
3841,0.125
3842,0.5
3843,0.125
3844,0.5
3845,0.125
3846,1.0
3847,0.125
3848,0.5
3849,0.125
3850,1.0
3851,0.125
3852,0.5
3853,0.125
3854,0.5
3855,0.125
3856,1.0
3857,0.125
3858,0.5
3859,0.125
3860,0.5
3861,0.125
3862,1.0
3863,0.125
3864,0.5
3865,0.125
3866,1.0
3867,0.125
3868,0.5
3869,0.125
3870,0.5
3871,0.125
3872,1.0
3873,0.125
3874,0.5
3875,0.125
3876,1.0
3877,0.125
3878,0.5
3879,0.125
3880,0.5
3881,0.125
3882,1.0
3883,0.125
3884,0.5
3885,0.125
3886,1.0
3887,0.125
3888,0.25
3889,0.25
3890,0.25
3891,0.125
3892,1.0
3893,0.125
3894,0.5
3895,0.125
3896,0.5
3897,0.125
3898,1.0
3899,0.125
3900,0.5
3901,0.125
3902,1.0
3903,0.125
3904,0.5
3905,0.125
3906,0.5
3907,0.125
3908,1.0
3909,0.125
3910,0.5
3911,0.125
3912,1.0
3913,0.125
3914,0.5
3915,0.125
3916,0.5
3917,0.125
3918,1.0
3919,0.125
3920,0.5
3921,0.125
3922,0.5
3923,0.125
3924,1.0
3925,0.125
3926,0.5
3927,0.125
3928,1.0
3929,0.125
3930,0.5
3931,0.125
3932,0.5
3933,0.125
3934,1.0
3935,0.125
3936,0.5
3937,0.125
3938,1.0
3939,0.125
3940,0.5
3941,0.125
3942,0.5
3943,0.125
3944,1.0
3945,0.125
3946,0.5
3947,0.125
3948,0.5
3949,0.125
3950,1.0
3951,0.125
3952,0.5
3953,0.125
3954,1.0
3955,0.125
3956,0.5
3957,0.125
3958,0.5
3959,0.125
3960,1.0
3961,0.125
3962,0.5
3963,0.125
3964,1.0
3965,0.125
3966,0.5
3967,0.125
3968,0.5
3969,0.125
3970,1.0
3971,0.125
3972,0.5
3973,0.125
3974,1.0
3975,0.125
3976,0.25
3977,0.25
3978,0.25
3979,0.125
3980,1.0
3981,0.125
3982,0.5
3983,0.125
3984,0.5
3985,0.125
3986,1.0
3987,0.125
3988,0.5
3989,0.125
3990,1.0
3991,0.125
3992,0.5
3993,0.125
3994,0.5
3995,0.125
3996,1.0
3997,0.125
3998,0.5
3999,0.125
4000,1.0
4001,0.125
4002,0.5
4003,0.125
4004,0.5
4005,0.125
4006,1.0
4007,0.125
4008,0.5
4009,0.125
4010,0.5
4011,0.125
4012,1.0
4013,0.125
4014,0.5
4015,0.125
4016,1.0
4017,0.125
4018,0.5
4019,0.125
4020,0.5
4021,0.125
4022,1.0
4023,0.125
4024,0.5
4025,0.125
4026,1.0
4027,0.125
4028,0.5
4029,0.125
4030,0.5
4031,0.125
4032,1.0
4033,0.125
4034,0.5
4035,0.125
4036,0.5
4037,0.125
4038,1.0
4039,0.125
4040,0.5
4041,0.125
4042,1.0
4043,0.125
4044,0.5
4045,0.125
4046,0.5
4047,0.125
4048,1.0
4049,0.125
4050,0.5
4051,0.125
4052,1.0
4053,0.125
4054,0.5
4055,0.125
4056,0.5
4057,0.125
4058,1.0
4059,0.125
4060,0.5
4061,0.125
4062,1.0
4063,0.125
4064,0.25
4065,0.25
4066,0.25
4067,0.125
4068,1.0
4069,0.125
4070,0.5
4071,0.125
4072,0.5
4073,0.125
4074,1.0
4075,0.125
4076,0.5
4077,0.125
4078,1.0
4079,0.125
4080,0.5
4081,0.125
4082,0.5
4083,0.125
4084,1.0
4085,0.125
4086,0.5
4087,0.125
4088,1.0
4089,0.125
4090,0.5
4091,0.125
4092,0.5
4093,0.125
4094,1.0
4095,0.125
4096,0.5
4097,0.125
4098,0.5
4099,0.125
4100,1.0
4101,0.125
4102,0.5
4103,0.125
4104,1.0
4105,0.125
4106,0.5
4107,0.125
4108,0.5
4109,0.125
4110,1.0
4111,0.125
4112,0.5
4113,0.125
4114,1.0
4115,0.125
4116,0.5
4117,0.125
4118,0.5
4119,0.125
4120,1.0
4121,0.125
4122,0.5
4123,0.125
4124,1.0
4125,0.125
4126,0.25
4127,0.25
4128,0.25
4129,0.125
4130,1.0
4131,0.125
4132,0.5
4133,0.125
4134,0.5
4135,0.125
4136,1.0
4137,0.125
4138,0.5
4139,0.125
4140,1.0
4141,0.125
4142,0.5
4143,0.125
4144,0.5
4145,0.125
4146,1.0
4147,0.125
4148,0.5
4149,0.125
4150,1.0
4151,0.125
4152,0.5
4153,0.125
4154,0.5
4155,0.125
4156,1.0
4157,0.125
4158,0.5
4159,0.125
4160,0.5
4161,0.125
4162,1.0
4163,0.125
4164,0.5
4165,0.125
4166,1.0
4167,0.125
4168,0.5
4169,0.125
4170,0.5
4171,0.125
4172,1.0
4173,0.125
4174,0.5
4175,0.125
4176,1.0
4177,0.125
4178,0.5
4179,0.125
4180,0.5
4181,0.125
4182,1.0
4183,0.125
4184,0.5
4185,0.125
4186,0.5
4187,0.125
4188,1.0
4189,0.125
4190,0.5
4191,0.125
4192,1.0
4193,0.125
4194,0.5
4195,0.125
4196,0.5
4197,0.125
4198,1.0
4199,0.125
4200,0.5
4201,0.125
4202,1.0
4203,0.125
4204,0.5
4205,0.125
4206,0.5
4207,0.125
4208,1.0
4209,0.125
4210,0.5
4211,0.125
4212,1.0
4213,0.125
4214,0.25
4215,0.25
4216,0.25
4217,0.125
4218,1.0
4219,0.125
4220,0.5
4221,0.125
4222,0.5
4223,0.125
4224,1.0
4225,0.125
4226,0.5
4227,0.125
4228,1.0
4229,0.125
4230,0.5
4231,0.125
4232,0.5
4233,0.125
4234,1.0
4235,0.125
4236,0.5
4237,0.125
4238,1.0
4239,0.125
4240,0.5
4241,0.125
4242,0.5
4243,0.125
4244,1.0
4245,0.125
4246,0.5
4247,0.125
4248,0.5
4249,0.125
4250,1.0
4251,0.125
4252,0.5
4253,0.125
4254,1.0
4255,0.125
4256,0.5
4257,0.125
4258,0.5
4259,0.125
4260,1.0
4261,0.125
4262,0.5
4263,0.125
4264,1.0
4265,0.125
4266,0.5
4267,0.125
4268,0.5
4269,0.125
4270,1.0
4271,0.125
4272,0.5
4273,0.125
4274,1.0
4275,0.125
4276,0.25
4277,0.25
4278,0.25
4279,0.125
4280,1.0
4281,0.125
4282,0.5
4283,0.125
4284,0.5
4285,0.125
4286,1.0
4287,0.125
4288,0.5
4289,0.125
4290,1.0
4291,0.125
4292,0.5
4293,0.125
4294,0.5
4295,0.125
4296,1.0
4297,0.125
4298,0.5
4299,0.125
4300,1.0
4301,0.125
4302,0.5
4303,0.125
4304,0.5
4305,0.125
4306,1.0
4307,0.125
4308,0.5
4309,0.125
4310,0.5
4311,0.125
4312,1.0
4313,0.125
4314,0.5
4315,0.125
4316,1.0
4317,0.125
4318,0.5
4319,0.125
4320,0.5
4321,0.125
4322,1.0
4323,0.125
4324,0.5
4325,0.125
4326,1.0
4327,0.125
4328,0.5
4329,0.125
4330,0.5
4331,0.125
4332,1.0
4333,0.125
4334,0.5
4335,0.125
4336,0.5
4337,0.125
4338,1.0
4339,0.125
4340,0.5
4341,0.125
4342,1.0
4343,0.125
4344,0.5
4345,0.125
4346,0.5
4347,0.125
4348,1.0
4349,0.125
4350,0.5
4351,0.125
4352,1.0
4353,0.125
4354,0.5
4355,0.125
4356,0.5
4357,0.125
4358,1.0
4359,0.125
4360,0.5
4361,0.125
4362,1.0
4363,0.125
4364,0.25
4365,0.25
4366,0.25
4367,0.125
4368,1.0
4369,0.125
4370,0.5
4371,0.125
4372,0.5
4373,0.125
4374,1.0
4375,0.125
4376,0.5
4377,0.125
4378,1.0
4379,0.125
4380,0.5
4381,0.125
4382,0.5
4383,0.125
4384,1.0
4385,0.125
4386,0.5
4387,0.125
4388,1.0
4389,0.125
4390,0.5
4391,0.125
4392,0.5
4393,0.125
4394,1.0
4395,0.125
4396,0.5
4397,0.125
4398,0.5
4399,0.125
4400,1.0
4401,0.125
4402,0.5
4403,0.125
4404,1.0
4405,0.125
4406,0.5
4407,0.125
4408,0.5
4409,0.125
4410,1.0
4411,0.125
4412,0.5
4413,0.125
4414,1.0
4415,0.125
4416,0.5
4417,0.125
4418,0.5
4419,0.125
4420,1.0
4421,0.125
4422,0.5
4423,0.125
4424,0.5
4425,0.125
4426,1.0
4427,0.125
4428,0.5
4429,0.125
4430,1.0
4431,0.125
4432,0.5
4433,0.125
4434,0.5
4435,0.125
4436,1.0
4437,0.125
4438,0.5
4439,0.125
4440,1.0
4441,0.125
4442,0.5
4443,0.125
4444,0.5
4445,0.125
4446,1.0
4447,0.125
4448,0.5
4449,0.125
4450,1.0
4451,0.125
4452,0.25
4453,0.25
4454,0.25
4455,0.125
4456,1.0
4457,0.125
4458,0.5
4459,0.125
4460,0.5
4461,0.125
4462,1.0
4463,0.125
4464,0.5
4465,0.125
4466,1.0
4467,0.125
4468,0.5
4469,0.125
4470,0.5
4471,0.125
4472,1.0
4473,0.125
4474,0.5
4475,0.125
4476,1.0
4477,0.125
4478,0.5
4479,0.125
4480,0.5
4481,0.125
4482,1.0
4483,0.125
4484,0.5
4485,0.125
4486,0.5
4487,0.125
4488,1.0
4489,0.125
4490,0.5
4491,0.125
4492,1.0
4493,0.125
4494,0.5
4495,0.125
4496,0.5
4497,0.125
4498,1.0
4499,0.125
4500,0.5
4501,0.125
4502,1.0
4503,0.125
4504,0.5
4505,0.125
4506,0.5
4507,0.125
4508,1.0
4509,0.125
4510,0.5
4511,0.125
4512,1.0
4513,0.125
4514,0.25
4515,0.25
4516,0.25
4517,0.125
4518,1.0
4519,0.125
4520,0.5
4521,0.125
4522,0.5
4523,0.125
4524,1.0
4525,0.125
4526,0.5
4527,0.125
4528,1.0
4529,0.125
4530,0.5
4531,0.125
4532,0.5
4533,0.125
4534,1.0
4535,0.125
4536,0.5
4537,0.125
4538,1.0
4539,0.125
4540,0.5
4541,0.125
4542,0.5
4543,0.125
4544,1.0
4545,0.125
4546,0.5
4547,0.125
4548,0.5
4549,0.125
4550,1.0
4551,0.125
4552,0.5
4553,0.125
4554,1.0
4555,0.125
4556,0.5
4557,0.125
4558,0.5
4559,0.125
4560,1.0
4561,0.125
4562,0.5
4563,0.125
4564,1.0
4565,0.125
4566,0.5
4567,0.125
4568,0.5
4569,0.125
4570,1.0
4571,0.125
4572,0.5
4573,0.125
4574,0.5
4575,0.125
4576,1.0
4577,0.125
4578,0.5
4579,0.125
4580,1.0
4581,0.125
4582,0.5
4583,0.125
4584,0.5
4585,0.125
4586,1.0
4587,0.125
4588,0.5
4589,0.125
4590,1.0
4591,0.125
4592,0.5
4593,0.125
4594,0.5
4595,0.125
4596,1.0
4597,0.125
4598,0.5
4599,0.125
4600,1.0
4601,0.125
4602,0.25
4603,0.25
4604,0.25
4605,0.125
4606,1.0
4607,0.125
4608,0.5
4609,0.125
4610,0.5
4611,0.125
4612,1.0
4613,0.125
4614,0.5
4615,0.125
4616,1.0
4617,0.125
4618,0.5
4619,0.125
4620,0.5
4621,0.125
4622,1.0
4623,0.125
4624,0.5
4625,0.125
4626,1.0
4627,0.125
4628,0.5
4629,0.125
4630,0.5
4631,0.125
4632,1.0
4633,0.125
4634,0.5
4635,0.125
4636,0.5
4637,0.125
4638,1.0
4639,0.125
4640,0.5
4641,0.125
4642,1.0
4643,0.125
4644,0.5
4645,0.125
4646,0.5
4647,0.125
4648,1.0
4649,0.125
4650,0.5
4651,0.125
4652,1.0
4653,0.125
4654,0.5
4655,0.125
4656,0.5
4657,0.125
4658,1.0
4659,0.125
4660,0.5
4661,0.125
4662,0.5
4663,0.125
4664,1.0
4665,0.125
4666,0.5
4667,0.125
4668,1.0
4669,0.125
4670,0.5
4671,0.125
4672,0.5
4673,0.125
4674,1.0
4675,0.125
4676,0.5
4677,0.125
4678,1.0
4679,0.125
4680,0.5
4681,0.125
4682,0.5
4683,0.125
4684,1.0
4685,0.125
4686,0.5
4687,0.125
4688,1.0
4689,0.125
4690,0.25
4691,0.25
4692,0.25
4693,0.125
4694,1.0
4695,0.125
4696,0.5
4697,0.125
4698,0.5
4699,0.125
4700,1.0
4701,0.125
4702,0.5
4703,0.125
4704,1.0
4705,0.125
4706,0.5
4707,0.125
4708,0.5
4709,0.125
4710,1.0
4711,0.125
4712,0.5
4713,0.125
4714,1.0
4715,0.125
4716,0.5
4717,0.125
4718,0.5
4719,0.125
4720,1.0
4721,0.125
4722,0.5
4723,0.125
4724,0.5
4725,0.125
4726,1.0
4727,0.125
4728,0.5
4729,0.125
4730,1.0
4731,0.125
4732,0.5
4733,0.125
4734,0.5
4735,0.125
4736,1.0
4737,0.125
4738,0.5
4739,0.125
4740,1.0
4741,0.125
4742,0.5
4743,0.125
4744,0.5
4745,0.125
4746,1.0
4747,0.125
4748,0.5
4749,0.125
4750,1.0
4751,0.125
4752,0.25
4753,0.25
4754,0.25
4755,0.125
4756,1.0
4757,0.125
4758,0.5
4759,0.125
4760,0.5
4761,0.125
4762,1.0
4763,0.125
4764,0.5
4765,0.125
4766,1.0
4767,0.125
4768,0.5
4769,0.125
4770,0.5
4771,0.125
4772,1.0
4773,0.125
4774,0.5
4775,0.125
4776,1.0
4777,0.125
4778,0.5
4779,0.125
4780,0.5
4781,0.125
4782,1.0
4783,0.125
4784,0.5
4785,0.125
4786,0.5
4787,0.125
4788,1.0
4789,0.125
4790,0.5
4791,0.125
4792,1.0
4793,0.125
4794,0.5
4795,0.125
4796,0.5
4797,0.125
4798,1.0
4799,0.125
4800,0.5
4801,0.125
4802,1.0
4803,0.125
4804,0.5
4805,0.125
4806,0.5
4807,0.125
4808,1.0
4809,0.125
4810,0.5
4811,0.125
4812,0.5
4813,0.125
4814,1.0
4815,0.125
4816,0.5
4817,0.125
4818,1.0
4819,0.125
4820,0.5
4821,0.125
4822,0.5
4823,0.125
4824,1.0
4825,0.125
4826,0.5
4827,0.125
4828,1.0
4829,0.125
4830,0.5
4831,0.125
4832,0.5
4833,0.125
4834,1.0
4835,0.125
4836,0.5
4837,0.125
4838,1.0
4839,0.125
4840,0.25
4841,0.25
4842,0.25
4843,0.125
4844,1.0
4845,0.125
4846,0.5
4847,0.125
4848,0.5
4849,0.125
4850,1.0
4851,0.125
4852,0.5
4853,0.125
4854,1.0
4855,0.125
4856,0.5
4857,0.125
4858,0.5
4859,0.125
4860,1.0
4861,0.125
4862,0.5
4863,0.125
4864,1.0
4865,0.125
4866,0.5
4867,0.125
4868,0.5
4869,0.125
4870,1.0
4871,0.125
4872,0.5
4873,0.125
4874,0.5
4875,0.125
4876,1.0
4877,0.125
4878,0.5
4879,0.125
4880,1.0
4881,0.125
4882,0.5
4883,0.125
4884,0.5
4885,0.125
4886,1.0
4887,0.125
4888,0.5
4889,0.125
4890,1.0
4891,0.125
4892,0.5
4893,0.125
4894,0.5
4895,0.125
4896,1.0
4897,0.125
4898,0.5
4899,0.125
4900,0.5
4901,0.125
4902,1.0
4903,0.125
4904,0.5
4905,0.125
4906,1.0
4907,0.125
4908,0.5
4909,0.125
4910,0.5
4911,0.125
4912,1.0
4913,0.125
4914,0.5
4915,0.125
4916,1.0
4917,0.125
4918,0.5
4919,0.125
4920,0.5
4921,0.125
4922,1.0
4923,0.125
4924,0.5
4925,0.125
4926,1.0
4927,0.125
4928,0.25
4929,0.25
4930,0.25
4931,0.125
4932,1.0
4933,0.125
4934,0.5
4935,0.125
4936,0.5
4937,0.125
4938,1.0
4939,0.125
4940,0.5
4941,0.125
4942,1.0
4943,0.125
4944,0.5
4945,0.125
4946,0.5
4947,0.125
4948,1.0
4949,0.125
4950,0.5
4951,0.125
4952,1.0
4953,0.125
4954,0.5
4955,0.125
4956,0.5
4957,0.125
4958,1.0
4959,0.125
4960,0.5
4961,0.125
4962,0.5
4963,0.125
4964,1.0
4965,0.125
4966,0.5
4967,0.125
4968,1.0
4969,0.125
4970,0.5
4971,0.125
4972,0.5
4973,0.125
4974,1.0
4975,0.125
4976,0.5
4977,0.125
4978,1.0
4979,0.125
4980,0.5
4981,0.125
4982,0.5
4983,0.125
4984,1.0
4985,0.125
4986,0.5
4987,0.125
4988,1.0
4989,0.125
4990,0.25
4991,0.25
4992,0.25
4993,0.125
4994,1.0
4995,0.125
4996,0.5
4997,0.125
4998,0.5
4999,0.125
5000,1.0
5001,0.125
5002,0.5
5003,0.125
5004,1.0
5005,0.125
5006,0.5
5007,0.125
5008,0.5
5009,0.125
5010,1.0
5011,0.125
5012,0.5
5013,0.125
5014,1.0
5015,0.125
5016,0.5
5017,0.125
5018,0.5
5019,0.125
5020,1.0
5021,0.125
5022,0.5
5023,0.125
5024,0.5
5025,0.125
5026,1.0
5027,0.125
5028,0.5
5029,0.125
5030,1.0
5031,0.125
5032,0.5
5033,0.125
5034,0.5
5035,0.125
5036,1.0
5037,0.125
5038,0.5
5039,0.125
5040,1.0
5041,0.125
5042,0.5
5043,0.125
5044,0.5
5045,0.125
5046,1.0
5047,0.125
5048,0.5
5049,0.125
5050,0.5
5051,0.125
5052,1.0
5053,0.125
5054,0.5
5055,0.125
5056,1.0
5057,0.125
5058,0.5
5059,0.125
5060,0.5
5061,0.125
5062,1.0
5063,0.125
5064,0.5
5065,0.125
5066,1.0
5067,0.125
5068,0.5
5069,0.125
5070,0.5
5071,0.125
5072,1.0
5073,0.125
5074,0.5
5075,0.125
5076,1.0
5077,0.125
5078,0.25
5079,0.25
5080,0.25
5081,0.125
5082,1.0
5083,0.125
5084,0.5
5085,0.125
5086,0.5
5087,0.125
5088,1.0
5089,0.125
5090,0.5
5091,0.125
5092,1.0
5093,0.125
5094,0.5
5095,0.125
5096,0.5
5097,0.125
5098,1.0
5099,0.125
5100,0.5
5101,0.125
5102,1.0
5103,0.125
5104,0.5
5105,0.125
5106,0.5
5107,0.125
5108,1.0
5109,0.125
5110,0.5
5111,0.125
5112,0.5
5113,0.125
5114,1.0
5115,0.125
5116,0.5
5117,0.125
5118,1.0
5119,0.125
5120,0.5
5121,0.125
5122,0.5
5123,0.125
5124,1.0
5125,0.125
5126,0.5
5127,0.125
5128,1.0
5129,0.125
5130,0.5
5131,0.125
5132,0.5
5133,0.125
5134,1.0
5135,0.125
5136,0.5
5137,0.125
5138,0.5
5139,0.125
5140,1.0
5141,0.125
5142,0.5
5143,0.125
5144,1.0
5145,0.125
5146,0.5
5147,0.125
5148,0.5
5149,0.125
5150,1.0
5151,0.125
5152,0.5
5153,0.125
5154,1.0
5155,0.125
5156,0.5
5157,0.125
5158,0.5
5159,0.125
5160,1.0
5161,0.125
5162,0.5
5163,0.125
5164,1.0
5165,0.125
5166,0.25
5167,0.25
5168,0.25
5169,0.125
5170,1.0
5171,0.125
5172,0.5
5173,0.125
5174,0.5
5175,0.125
5176,1.0
5177,0.125
5178,0.5
5179,0.125
5180,1.0
5181,0.125
5182,0.5
5183,0.125
5184,0.5
5185,0.125
5186,1.0
5187,0.125
5188,0.5
5189,0.125
5190,1.0
5191,0.125
5192,0.5
5193,0.125
5194,0.5
5195,0.125
5196,1.0
5197,0.125
5198,0.5
5199,0.125
5200,0.5
5201,0.125
5202,1.0
5203,0.125
5204,0.5
5205,0.125
5206,1.0
5207,0.125
5208,0.5
5209,0.125
5210,0.5
5211,0.125
5212,1.0
5213,0.125
5214,0.5
5215,0.125
5216,1.0
5217,0.125
5218,0.5
5219,0.125
5220,0.5
5221,0.125
5222,1.0
5223,0.125
5224,0.5
5225,0.125
5226,1.0
5227,0.125
5228,0.25
5229,0.25
5230,0.25
5231,0.125
5232,1.0
5233,0.125
5234,0.5
5235,0.125
5236,0.5
5237,0.125
5238,1.0
5239,0.125
5240,0.5
5241,0.125
5242,1.0
5243,0.125
5244,0.5
5245,0.125
5246,0.5
5247,0.125
5248,1.0
5249,0.125
5250,0.5
5251,0.125
5252,1.0
5253,0.125
5254,0.5
5255,0.125
5256,0.5
5257,0.125
5258,1.0
5259,0.125
5260,0.5
5261,0.125
5262,0.5
5263,0.125
5264,1.0
5265,0.125
5266,0.5
5267,0.125
5268,1.0
5269,0.125
5270,0.5
5271,0.125
5272,0.5
5273,0.125
5274,1.0
5275,0.125
5276,0.5
5277,0.125
5278,1.0
5279,0.125
5280,0.5
5281,0.125
5282,0.5
5283,0.125
5284,1.0
5285,0.125
5286,0.5
5287,0.125
5288,0.5
5289,0.125
5290,1.0
5291,0.125
5292,0.5
5293,0.125
5294,1.0
5295,0.125
5296,0.5
5297,0.125
5298,0.5
5299,0.125
5300,1.0
5301,0.125
5302,0.5
5303,0.125
5304,1.0
5305,0.125
5306,0.5
5307,0.125
5308,0.5
5309,0.125
5310,1.0
5311,0.125
5312,0.5
5313,0.125
5314,1.0
5315,0.125
5316,0.25
5317,0.25
5318,0.25
5319,0.125
5320,1.0
5321,0.125
5322,0.5
5323,0.125
5324,0.5
5325,0.125
5326,1.0
5327,0.125
5328,0.5
5329,0.125
5330,1.0
5331,0.125
5332,0.5
5333,0.125
5334,0.5
5335,0.125
5336,1.0
5337,0.125
5338,0.5
5339,0.125
5340,1.0
5341,0.125
5342,0.5
5343,0.125
5344,0.5
5345,0.125
5346,1.0
5347,0.125
5348,0.5
5349,0.125
5350,0.5
5351,0.125
5352,1.0
5353,0.125
5354,0.5
5355,0.125
5356,1.0
5357,0.125
5358,0.5
5359,0.125
5360,0.5
5361,0.125
5362,1.0
5363,0.125
5364,0.5
5365,0.125
5366,1.0
5367,0.125
5368,0.5
5369,0.125
5370,0.5
5371,0.125
5372,1.0
5373,0.125
5374,0.5
5375,0.125
5376,0.5
5377,0.125
5378,1.0
5379,0.125
5380,0.5
5381,0.125
5382,1.0
5383,0.125
5384,0.5
5385,0.125
5386,0.5
5387,0.125
5388,1.0
5389,0.125
5390,0.5
5391,0.125
5392,1.0
5393,0.125
5394,0.5
5395,0.125
5396,0.5
5397,0.125
5398,1.0
5399,0.125
5400,0.5
5401,0.125
5402,1.0
5403,0.125
5404,0.25
5405,0.25
5406,0.25
5407,0.125
5408,1.0
5409,0.125
5410,0.5
5411,0.125
5412,0.5
5413,0.125
5414,1.0
5415,0.125
5416,0.5
5417,0.125
5418,1.0
5419,0.125
5420,0.5
5421,0.125
5422,0.5
5423,0.125
5424,1.0
5425,0.125
5426,0.5
5427,0.125
5428,1.0
5429,0.125
5430,0.5
5431,0.125
5432,0.5
5433,0.125
5434,1.0
5435,0.125
5436,0.5
5437,0.125
5438,0.5
5439,0.125
5440,1.0
5441,0.125
5442,0.5
5443,0.125
5444,1.0
5445,0.125
5446,0.5
5447,0.125
5448,0.5
5449,0.125
5450,1.0
5451,0.125
5452,0.5
5453,0.125
5454,1.0
5455,0.125
5456,0.5
5457,0.125
5458,0.5
5459,0.125
5460,1.0
5461,0.125
5462,0.5
5463,0.125
5464,1.0
5465,0.125
5466,0.25
5467,0.25
5468,0.25
5469,0.125
5470,1.0
5471,0.125
5472,0.5
5473,0.125
5474,0.5
5475,0.125
5476,1.0
5477,0.125
5478,0.5
5479,0.125
5480,1.0
5481,0.125
5482,0.5
5483,0.125
5484,0.5
5485,0.125
5486,1.0
5487,0.125
5488,0.5
5489,0.125
5490,1.0
5491,0.125
5492,0.5
5493,0.125
5494,0.5
5495,0.125
5496,1.0
5497,0.125
5498,0.5
5499,0.125
5500,0.5
5501,0.125
5502,1.0
5503,0.125
5504,0.5
5505,0.125
5506,1.0
5507,0.125
5508,0.5
5509,0.125
5510,0.5
5511,0.125
5512,1.0
5513,0.125
5514,0.5
5515,0.125
5516,1.0
5517,0.125
5518,0.5
5519,0.125
5520,0.5
5521,0.125
5522,1.0
5523,0.125
5524,0.5
5525,0.125
5526,0.5
5527,0.125
5528,1.0
5529,0.125
5530,0.5
5531,0.125
5532,1.0
5533,0.125
5534,0.5
5535,0.125
5536,0.5
5537,0.125
5538,1.0
5539,0.125
5540,0.5
5541,0.125
5542,1.0
5543,0.125
5544,0.5
5545,0.125
5546,0.5
5547,0.125
5548,1.0
5549,0.125
5550,0.5
5551,0.125
5552,1.0
5553,0.125
5554,0.25
5555,0.25
5556,0.25
5557,0.125
5558,1.0
5559,0.125
5560,0.5
5561,0.125
5562,0.5
5563,0.125
5564,1.0
5565,0.125
5566,0.5
5567,0.125
5568,1.0
5569,0.125
5570,0.5
5571,0.125
5572,0.5
5573,0.125
5574,1.0
5575,0.125
5576,0.5
5577,0.125
5578,1.0
5579,0.125
5580,0.5
5581,0.125
5582,0.5
5583,0.125
5584,1.0
5585,0.125
5586,0.5
5587,0.125
5588,0.5
5589,0.125
5590,1.0
5591,0.125
5592,0.5
5593,0.125
5594,1.0
5595,0.125
5596,0.5
5597,0.125
5598,0.5
5599,0.125
5600,1.0
5601,0.125
5602,0.5
5603,0.125
5604,1.0
5605,0.125
5606,0.5
5607,0.125
5608,0.5
5609,0.125
5610,1.0
5611,0.125
5612,0.5
5613,0.125
5614,1.0
5615,0.125
5616,0.25
5617,0.25
5618,0.25
5619,0.125
5620,1.0
5621,0.125
5622,0.5
5623,0.125
5624,0.5
5625,0.125
5626,1.0
5627,0.125
5628,0.5
5629,0.125
5630,1.0
5631,0.125
5632,0.5
5633,0.125
5634,0.5
5635,0.125
5636,1.0
5637,0.125
5638,0.5
5639,0.125
5640,1.0
5641,0.125
5642,0.5
5643,0.125
5644,0.5
5645,0.125
5646,1.0
5647,0.125
5648,0.5
5649,0.125
5650,0.5
5651,0.125
5652,1.0
5653,0.125
5654,0.5
5655,0.125
5656,1.0
5657,0.125
5658,0.5
5659,0.125
5660,0.5
5661,0.125
5662,1.0
5663,0.125
5664,0.5
5665,0.125
5666,1.0
5667,0.125
5668,0.5
5669,0.125
5670,0.5
5671,0.125
5672,1.0
5673,0.125
5674,0.5
5675,0.125
5676,0.5
5677,0.125
5678,1.0
5679,0.125
5680,0.5
5681,0.125
5682,1.0
5683,0.125
5684,0.5
5685,0.125
5686,0.5
5687,0.125
5688,1.0
5689,0.125
5690,0.5
5691,0.125
5692,1.0
5693,0.125
5694,0.5
5695,0.125
5696,0.5
5697,0.125
5698,1.0
5699,0.125
5700,0.5
5701,0.125
5702,1.0
5703,0.125
5704,0.25
5705,0.25
5706,0.25
5707,0.125
5708,1.0
5709,0.125
5710,0.5
5711,0.125
5712,0.5
5713,0.125
5714,1.0
5715,0.125
5716,0.5
5717,0.125
5718,1.0
5719,0.125
5720,0.5
5721,0.125
5722,0.5
5723,0.125
5724,1.0
5725,0.125
5726,0.5
5727,0.125
5728,1.0
5729,0.125
5730,0.5
5731,0.125
5732,0.5
5733,0.125
5734,1.0
5735,0.125
5736,0.5
5737,0.125
5738,0.5
5739,0.125
5740,1.0
5741,0.125
5742,0.5
5743,0.125
5744,1.0
5745,0.125
5746,0.5
5747,0.125
5748,0.5
5749,0.125
5750,1.0
5751,0.125
5752,0.5
5753,0.125
5754,1.0
5755,0.125
5756,0.5
5757,0.125
5758,0.5
5759,0.125
5760,1.0
5761,0.125
5762,0.5
5763,0.125
5764,0.5
5765,0.125
5766,1.0
5767,0.125
5768,0.5
5769,0.125
5770,1.0
5771,0.125
5772,0.5
5773,0.125
5774,0.5
5775,0.125
5776,1.0
5777,0.125
5778,0.5
5779,0.125
5780,1.0
5781,0.125
5782,0.5
5783,0.125
5784,0.5
5785,0.125
5786,1.0
5787,0.125
5788,0.5
5789,0.125
5790,1.0
5791,0.125
5792,0.25
5793,0.25
5794,0.25
5795,0.125
5796,1.0
5797,0.125
5798,0.5
5799,0.125
5800,0.5
5801,0.125
5802,1.0
5803,0.125
5804,0.5
5805,0.125
5806,1.0
5807,0.125
5808,0.5
5809,0.125
5810,0.5
5811,0.125
5812,1.0
5813,0.125
5814,0.5
5815,0.125
5816,1.0
5817,0.125
5818,0.5
5819,0.125
5820,0.5
5821,0.125
5822,1.0
5823,0.125
5824,0.5
5825,0.125
5826,0.5
5827,0.125
5828,1.0
5829,0.125
5830,0.5
5831,0.125
5832,1.0
5833,0.125
5834,0.5
5835,0.125
5836,0.5
5837,0.125
5838,1.0
5839,0.125
5840,0.5
5841,0.125
5842,1.0
5843,0.125
5844,0.5
5845,0.125
5846,0.5
5847,0.125
5848,1.0
5849,0.125
5850,0.5
5851,0.125
5852,1.0
5853,0.125
5854,0.25
5855,0.25
5856,0.25
5857,0.125
5858,1.0
5859,0.125
5860,0.5
5861,0.125
5862,0.5
5863,0.125
5864,1.0
5865,0.125
5866,0.5
5867,0.125
5868,1.0
5869,0.125
5870,0.5
5871,0.125
5872,0.5
5873,0.125
5874,1.0
5875,0.125
5876,0.5
5877,0.125
5878,1.0
5879,0.125
5880,0.5
5881,0.125
5882,0.5
5883,0.125
5884,1.0
5885,0.125
5886,0.5
5887,0.125
5888,0.5
5889,0.125
5890,1.0
5891,0.125
5892,0.5
5893,0.125
5894,1.0
5895,0.125
5896,0.5
5897,0.125
5898,0.5
5899,0.125
5900,1.0
5901,0.125
5902,0.5
5903,0.125
5904,1.0
5905,0.125
5906,0.5
5907,0.125
5908,0.5
5909,0.125
5910,1.0
5911,0.125
5912,0.5
5913,0.125
5914,0.5
5915,0.125
5916,1.0
5917,0.125
5918,0.5
5919,0.125
5920,1.0
5921,0.125
5922,0.5
5923,0.125
5924,0.5
5925,0.125
5926,1.0
5927,0.125
5928,0.5
5929,0.125
5930,1.0
5931,0.125
5932,0.5
5933,0.125
5934,0.5
5935,0.125
5936,1.0
5937,0.125
5938,0.5
5939,0.125
5940,1.0
5941,0.125
5942,0.25
5943,0.25
5944,0.25
5945,0.125
5946,1.0
5947,0.125
5948,0.5
5949,0.125
5950,0.5
5951,0.125
5952,1.0
5953,0.125
5954,0.5
5955,0.125
5956,1.0
5957,0.125
5958,0.5
5959,0.125
5960,0.5
5961,0.125
5962,1.0
5963,0.125
5964,0.5
5965,0.125
5966,1.0
5967,0.125
5968,0.5
5969,0.125
5970,0.5
5971,0.125
5972,1.0
5973,0.125
5974,0.5
5975,0.125
5976,0.5
5977,0.125
5978,1.0
5979,0.125
5980,0.5
5981,0.125
5982,1.0
5983,0.125
5984,0.5
5985,0.125
5986,0.5
5987,0.125
5988,1.0
5989,0.125
5990,0.5
5991,0.125
5992,1.0
5993,0.125
5994,0.5
5995,0.125
5996,0.5
5997,0.125
5998,1.0
5999,0.125
6000,0.5
6001,0.125
6002,0.5
6003,0.125
6004,1.0
6005,0.125
6006,0.5
6007,0.125
6008,1.0
6009,0.125
6010,0.5
6011,0.125
6012,0.5
6013,0.125
6014,1.0
6015,0.125
6016,0.5
6017,0.125
6018,1.0
6019,0.125
6020,0.5
6021,0.125
6022,0.5
6023,0.125
6024,1.0
6025,0.125
6026,0.5
6027,0.125
6028,1.0
6029,0.125
6030,0.25
6031,0.25
6032,0.25
6033,0.125
6034,1.0
6035,0.125
6036,0.5
6037,0.125
6038,0.5
6039,0.125
6040,1.0
6041,0.125
6042,0.5
6043,0.125
6044,1.0
6045,0.125
6046,0.5
6047,0.125
6048,0.5
6049,0.125
6050,1.0
6051,0.125
6052,0.5
6053,0.125
6054,1.0
6055,0.125
6056,0.5
6057,0.125
6058,0.5
6059,0.125
6060,1.0
6061,0.125
6062,0.5
6063,0.125
6064,0.5
6065,0.125
6066,1.0
6067,0.125
6068,0.5
6069,0.125
6070,1.0
6071,0.125
6072,0.5
6073,0.125
6074,0.5
6075,0.125
6076,1.0
6077,0.125
6078,0.5
6079,0.125
6080,1.0
6081,0.125
6082,0.5
6083,0.125
6084,0.5
6085,0.125
6086,1.0
6087,0.125
6088,0.5
6089,0.125
6090,1.0
6091,0.125
6092,0.25
6093,0.25
6094,0.25
6095,0.125
6096,1.0
6097,0.125
6098,0.5
6099,0.125
6100,0.5
6101,0.125
6102,1.0
6103,0.125
6104,0.5
6105,0.125
6106,1.0
6107,0.125
6108,0.5
6109,0.125
6110,0.5
6111,0.125
6112,1.0
6113,0.125
6114,0.5
6115,0.125
6116,1.0
6117,0.125
6118,0.5
6119,0.125
6120,0.5
6121,0.125
6122,1.0
6123,0.125
6124,0.5
6125,0.125
6126,0.5
6127,0.125
6128,1.0
6129,0.125
6130,0.5
6131,0.125
6132,1.0
6133,0.125
6134,0.5
6135,0.125
6136,0.5
6137,0.125
6138,1.0
6139,0.125
6140,0.5
6141,0.125
6142,1.0
6143,0.125
6144,0.5
6145,0.125
6146,0.5
6147,0.125
6148,1.0
6149,0.125
6150,0.5
6151,0.125
6152,0.5
6153,0.125
6154,1.0
6155,0.125
6156,0.5
6157,0.125
6158,1.0
6159,0.125
6160,0.5
6161,0.125
6162,0.5
6163,0.125
6164,1.0
6165,0.125
6166,0.5
6167,0.125
6168,1.0
6169,0.125
6170,0.5
6171,0.125
6172,0.5
6173,0.125
6174,1.0
6175,0.125
6176,0.5
6177,0.125
6178,1.0
6179,0.125
6180,0.25
6181,0.25
6182,0.25
6183,0.125
6184,1.0
6185,0.125
6186,0.5
6187,0.125
6188,0.5
6189,0.125
6190,1.0
6191,0.125
6192,0.5
6193,0.125
6194,1.0
6195,0.125
6196,0.5
6197,0.125
6198,0.5
6199,0.125
6200,1.0
6201,0.125
6202,0.5
6203,0.125
6204,1.0
6205,0.125
6206,0.5
6207,0.125
6208,0.5
6209,0.125
6210,1.0
6211,0.125
6212,0.5
6213,0.125
6214,0.5
6215,0.125
6216,1.0
6217,0.125
6218,0.5
6219,0.125
6220,1.0
6221,0.125
6222,0.5
6223,0.125
6224,0.5
6225,0.125
6226,1.0
6227,0.125
6228,0.5
6229,0.125
6230,1.0
6231,0.125
6232,0.5
6233,0.125
6234,0.5
6235,0.125
6236,1.0
6237,0.125
6238,0.5
6239,0.125
6240,0.5
6241,0.125
6242,1.0
6243,0.125
6244,0.5
6245,0.125
6246,1.0
6247,0.125
6248,0.5
6249,0.125
6250,0.5
6251,0.125
6252,1.0
6253,0.125
6254,0.5
6255,0.125
6256,1.0
6257,0.125
6258,0.5
6259,0.125
6260,0.5
6261,0.125
6262,1.0
6263,0.125
6264,0.5
6265,0.125
6266,1.0
6267,0.125
6268,0.25
6269,0.25
6270,0.25
6271,0.125
6272,1.0
6273,0.125
6274,0.5
6275,0.125
6276,0.5
6277,0.125
6278,1.0
6279,0.125
6280,0.5
6281,0.125
6282,1.0
6283,0.125
6284,0.5
6285,0.125
6286,0.5
6287,0.125
6288,1.0
6289,0.125
6290,0.5
6291,0.125
6292,1.0
6293,0.125
6294,0.5
6295,0.125
6296,0.5
6297,0.125
6298,1.0
6299,0.125
6300,0.5
6301,0.125
6302,0.5
6303,0.125
6304,1.0
6305,0.125
6306,0.5
6307,0.125
6308,1.0
6309,0.125
6310,0.5
6311,0.125
6312,0.5
6313,0.125
6314,1.0
6315,0.125
6316,0.5
6317,0.125
6318,1.0
6319,0.125
6320,0.5
6321,0.125
6322,0.5
6323,0.125
6324,1.0
6325,0.125
6326,0.5
6327,0.125
6328,1.0
6329,0.125
6330,0.25
6331,0.25
6332,0.25
6333,0.125
6334,1.0
6335,0.125
6336,0.5
6337,0.125
6338,0.5
6339,0.125
6340,1.0
6341,0.125
6342,0.5
6343,0.125
6344,1.0
6345,0.125
6346,0.5
6347,0.125
6348,0.5
6349,0.125
6350,1.0
6351,0.125
6352,0.5
6353,0.125
6354,1.0
6355,0.125
6356,0.5
6357,0.125
6358,0.5
6359,0.125
6360,1.0
6361,0.125
6362,0.5
6363,0.125
6364,0.5
6365,0.125
6366,1.0
6367,0.125
6368,0.5
6369,0.125
6370,1.0
6371,0.125
6372,0.5
6373,0.125
6374,0.5
6375,0.125
6376,1.0
6377,0.125
6378,0.5
6379,0.125
6380,1.0
6381,0.125
6382,0.5
6383,0.125
6384,0.5
6385,0.125
6386,1.0
6387,0.125
6388,0.5
6389,0.125
6390,0.5
6391,0.125
6392,1.0
6393,0.125
6394,0.5
6395,0.125
6396,1.0
6397,0.125
6398,0.5
6399,0.125
6400,0.5
6401,0.125
6402,1.0
6403,0.125
6404,0.5
6405,0.125
6406,1.0
6407,0.125
6408,0.5
6409,0.125
6410,0.5
6411,0.125
6412,1.0
6413,0.125
6414,0.5
6415,0.125
6416,1.0
6417,0.125
6418,0.25
6419,0.25
6420,0.25
6421,0.125
6422,1.0
6423,0.125
6424,0.5
6425,0.125
6426,0.5
6427,0.125
6428,1.0
6429,0.125
6430,0.5
6431,0.125
6432,1.0
6433,0.125
6434,0.5
6435,0.125
6436,0.5
6437,0.125
6438,1.0
6439,0.125
6440,0.5
6441,0.125
6442,1.0
6443,0.125
6444,0.5
6445,0.125
6446,0.5
6447,0.125
6448,1.0
6449,0.125
6450,0.5
6451,0.125
6452,0.5
6453,0.125
6454,1.0
6455,0.125
6456,0.5
6457,0.125
6458,1.0
6459,0.125
6460,0.5
6461,0.125
6462,0.5
6463,0.125
6464,1.0
6465,0.125
6466,0.5
6467,0.125
6468,1.0
6469,0.125
6470,0.5
6471,0.125
6472,0.5
6473,0.125
6474,1.0
6475,0.125
6476,0.5
6477,0.125
6478,0.5
6479,0.125
6480,1.0
6481,0.125
6482,0.5
6483,0.125
6484,1.0
6485,0.125
6486,0.5
6487,0.125
6488,0.5
6489,0.125
6490,1.0
6491,0.125
6492,0.5
6493,0.125
6494,1.0
6495,0.125
6496,0.5
6497,0.125
6498,0.5
6499,0.125
6500,1.0
6501,0.125
6502,0.5
6503,0.125
6504,1.0
6505,0.125
6506,0.25
6507,0.25
6508,0.25
6509,0.125
6510,1.0
6511,0.125
6512,0.5
6513,0.125
6514,0.5
6515,0.125
6516,1.0
6517,0.125
6518,0.5
6519,0.125
6520,1.0
6521,0.125
6522,0.5
6523,0.125
6524,0.5
6525,0.125
6526,1.0
6527,0.125
6528,0.5
6529,0.125
6530,1.0
6531,0.125
6532,0.5
6533,0.125
6534,0.5
6535,0.125
6536,1.0
6537,0.125
6538,0.5
6539,0.125
6540,0.5
6541,0.125
6542,1.0
6543,0.125
6544,0.5
6545,0.125
6546,1.0
6547,0.125
6548,0.5
6549,0.125
6550,0.5
6551,0.125
6552,1.0
6553,0.125
6554,0.5
6555,0.125
6556,1.0
6557,0.125
6558,0.5
6559,0.125
6560,0.5
6561,0.125
6562,1.0
6563,0.125
6564,0.5
6565,0.125
6566,1.0
6567,0.125
6568,0.25
6569,0.25
6570,0.25
6571,0.125
6572,1.0
6573,0.125
6574,0.5
6575,0.125
6576,0.5
6577,0.125
6578,1.0
6579,0.125
6580,0.5
6581,0.125
6582,1.0
6583,0.125
6584,0.5
6585,0.125
6586,0.5
6587,0.125
6588,1.0
6589,0.125
6590,0.5
6591,0.125
6592,1.0
6593,0.125
6594,0.5
6595,0.125
6596,0.5
6597,0.125
6598,1.0
6599,0.125
6600,0.5
6601,0.125
6602,0.5
6603,0.125
6604,1.0
6605,0.125
6606,0.5
6607,0.125
6608,1.0
6609,0.125
6610,0.5
6611,0.125
6612,0.5
6613,0.125
6614,1.0
6615,0.125
6616,0.5
6617,0.125
6618,1.0
6619,0.125
6620,0.5
6621,0.125
6622,0.5
6623,0.125
6624,1.0
6625,0.125
6626,0.5
6627,0.125
6628,0.5
6629,0.125
6630,1.0
6631,0.125
6632,0.5
6633,0.125
6634,1.0
6635,0.125
6636,0.5
6637,0.125
6638,0.5
6639,0.125
6640,1.0
6641,0.125
6642,0.5
6643,0.125
6644,1.0
6645,0.125
6646,0.5
6647,0.125
6648,0.5
6649,0.125
6650,1.0
6651,0.125
6652,0.5
6653,0.125
6654,1.0
6655,0.125
6656,0.25
6657,0.25
6658,0.25
6659,0.125
6660,1.0
6661,0.125
6662,0.5
6663,0.125
6664,0.5
6665,0.125
6666,1.0
6667,0.125
6668,0.5
6669,0.125
6670,1.0
6671,0.125
6672,0.5
6673,0.125
6674,0.5
6675,0.125
6676,1.0
6677,0.125
6678,0.5
6679,0.125
6680,1.0
6681,0.125
6682,0.5
6683,0.125
6684,0.5
6685,0.125
6686,1.0
6687,0.125
6688,0.5
6689,0.125
6690,0.5
6691,0.125
6692,1.0
6693,0.125
6694,0.5
6695,0.125
6696,1.0
6697,0.125
6698,0.5
6699,0.125
6700,0.5
6701,0.125
6702,1.0
6703,0.125
6704,0.5
6705,0.125
6706,1.0
6707,0.125
6708,0.5
6709,0.125
6710,0.5
6711,0.125
6712,1.0
6713,0.125
6714,0.5
6715,0.125
6716,1.0
6717,0.125
6718,0.25
6719,0.25
6720,0.25
6721,0.125
6722,1.0
6723,0.125
6724,0.5
6725,0.125
6726,0.5
6727,0.125
6728,1.0
6729,0.125
6730,0.5
6731,0.125
6732,1.0
6733,0.125
6734,0.5
6735,0.125
6736,0.5
6737,0.125
6738,1.0
6739,0.125
6740,0.5
6741,0.125
6742,1.0
6743,0.125
6744,0.5
6745,0.125
6746,0.5
6747,0.125
6748,1.0
6749,0.125
6750,0.5
6751,0.125
6752,0.5
6753,0.125
6754,1.0
6755,0.125
6756,0.5
6757,0.125
6758,1.0
6759,0.125
6760,0.5
6761,0.125
6762,0.5
6763,0.125
6764,1.0
6765,0.125
6766,0.5
6767,0.125
6768,1.0
6769,0.125
6770,0.5
6771,0.125
6772,0.5
6773,0.125
6774,1.0
6775,0.125
6776,0.5
6777,0.125
6778,0.5
6779,0.125
6780,1.0
6781,0.125
6782,0.5
6783,0.125
6784,1.0
6785,0.125
6786,0.5
6787,0.125
6788,0.5
6789,0.125
6790,1.0
6791,0.125
6792,0.5
6793,0.125
6794,1.0
6795,0.125
6796,0.5
6797,0.125
6798,0.5
6799,0.125
6800,1.0
6801,0.125
6802,0.5
6803,0.125
6804,1.0
6805,0.125
6806,0.25
6807,0.25
6808,0.25
6809,0.125
6810,1.0
6811,0.125
6812,0.5
6813,0.125
6814,0.5
6815,0.125
6816,1.0
6817,0.125
6818,0.5
6819,0.125
6820,1.0
6821,0.125
6822,0.5
6823,0.125
6824,0.5
6825,0.125
6826,1.0
6827,0.125
6828,0.5
6829,0.125
6830,1.0
6831,0.125
6832,0.5
6833,0.125
6834,0.5
6835,0.125
6836,1.0
6837,0.125
6838,0.5
6839,0.125
6840,0.5
6841,0.125
6842,1.0
6843,0.125
6844,0.5
6845,0.125
6846,1.0
6847,0.125
6848,0.5
6849,0.125
6850,0.5
6851,0.125
6852,1.0
6853,0.125
6854,0.5
6855,0.125
6856,1.0
6857,0.125
6858,0.5
6859,0.125
6860,0.5
6861,0.125
6862,1.0
6863,0.125
6864,0.5
6865,0.125
6866,0.5
6867,0.125
6868,1.0
6869,0.125
6870,0.5
6871,0.125
6872,1.0
6873,0.125
6874,0.5
6875,0.125
6876,0.5
6877,0.125
6878,1.0
6879,0.125
6880,0.5
6881,0.125
6882,1.0
6883,0.125
6884,0.5
6885,0.125
6886,0.5
6887,0.125
6888,1.0
6889,0.125
6890,0.5
6891,0.125
6892,1.0
6893,0.125
6894,0.25
6895,0.25
6896,0.25
6897,0.125
6898,1.0
6899,0.125
6900,0.5
6901,0.125
6902,0.5
6903,0.125
6904,1.0
6905,0.125
6906,0.5
6907,0.125
6908,1.0
6909,0.125
6910,0.5
6911,0.125
6912,0.5
6913,0.125
6914,1.0
6915,0.125
6916,0.5
6917,0.125
6918,1.0
6919,0.125
6920,0.5
6921,0.125
6922,0.5
6923,0.125
6924,1.0
6925,0.125
6926,0.5
6927,0.125
6928,0.5
6929,0.125
6930,1.0
6931,0.125
6932,0.5
6933,0.125
6934,1.0
6935,0.125
6936,0.5
6937,0.125
6938,0.5
6939,0.125
6940,1.0
6941,0.125
6942,0.5
6943,0.125
6944,1.0
6945,0.125
6946,0.5
6947,0.125
6948,0.5
6949,0.125
6950,1.0
6951,0.125
6952,0.5
6953,0.125
6954,1.0
6955,0.125
6956,0.25
6957,0.25
6958,0.25
6959,0.125
6960,1.0
6961,0.125
6962,0.5
6963,0.125
6964,0.5
6965,0.125
6966,1.0
6967,0.125
6968,0.5
6969,0.125
6970,1.0
6971,0.125
6972,0.5
6973,0.125
6974,0.5
6975,0.125
6976,1.0
6977,0.125
6978,0.5
6979,0.125
6980,1.0
6981,0.125
6982,0.5
6983,0.125
6984,0.5
6985,0.125
6986,1.0
6987,0.125
6988,0.5
6989,0.125
6990,0.5
6991,0.125
6992,1.0
6993,0.125
6994,0.5
6995,0.125
6996,1.0
6997,0.125
6998,0.5
6999,0.125
7000,0.5
7001,0.125
7002,1.0
7003,0.125
7004,0.5
7005,0.125
7006,1.0
7007,0.125
7008,0.5
7009,0.125
7010,0.5
7011,0.125
7012,1.0
7013,0.125
7014,0.5
7015,0.125
7016,0.5
7017,0.125
7018,1.0
7019,0.125
7020,0.5
7021,0.125
7022,1.0
7023,0.125
7024,0.5
7025,0.125
7026,0.5
7027,0.125
7028,1.0
7029,0.125
7030,0.5
7031,0.125
7032,1.0
7033,0.125
7034,0.5
7035,0.125
7036,0.5
7037,0.125
7038,1.0
7039,0.125
7040,0.5
7041,0.125
7042,1.0
7043,0.125
7044,0.25
7045,0.25
7046,0.25
7047,0.125
7048,1.0
7049,0.125
7050,0.5
7051,0.125
7052,0.5
7053,0.125
7054,1.0
7055,0.125
7056,0.5
7057,0.125
7058,1.0
7059,0.125
7060,0.5
7061,0.125
7062,0.5
7063,0.125
7064,1.0
7065,0.125
7066,0.5
7067,0.125
7068,1.0
7069,0.125
7070,0.5
7071,0.125
7072,0.5
7073,0.125
7074,1.0
7075,0.125
7076,0.5
7077,0.125
7078,0.5
7079,0.125
7080,1.0
7081,0.125
7082,0.5
7083,0.125
7084,1.0
7085,0.125
7086,0.5
7087,0.125
7088,0.5
7089,0.125
7090,1.0
7091,0.125
7092,0.5
7093,0.125
7094,1.0
7095,0.125
7096,0.5
7097,0.125
7098,0.5
7099,0.125
7100,1.0
7101,0.125
7102,0.5
7103,0.125
7104,0.5
7105,0.125
7106,1.0
7107,0.125
7108,0.5
7109,0.125
7110,1.0
7111,0.125
7112,0.5
7113,0.125
7114,0.5
7115,0.125
7116,1.0
7117,0.125
7118,0.5
7119,0.125
7120,1.0
7121,0.125
7122,0.5
7123,0.125
7124,0.5
7125,0.125
7126,1.0
7127,0.125
7128,0.5
7129,0.125
7130,1.0
7131,0.125
7132,0.25
7133,0.25
7134,0.25
7135,0.125
7136,1.0
7137,0.125
7138,0.5
7139,0.125
7140,0.5
7141,0.125
7142,1.0
7143,0.125
7144,0.5
7145,0.125
7146,1.0
7147,0.125
7148,0.5
7149,0.125
7150,0.5
7151,0.125
7152,1.0
7153,0.125
7154,0.5
7155,0.125
7156,1.0
7157,0.125
7158,0.5
7159,0.125
7160,0.5
7161,0.125
7162,1.0
7163,0.125
7164,0.5
7165,0.125
7166,0.5
7167,0.125
7168,1.0
7169,0.125
7170,0.5
7171,0.125
7172,1.0
7173,0.125
7174,0.5
7175,0.125
7176,0.5
7177,0.125
7178,1.0
7179,0.125
7180,0.5
7181,0.125
7182,1.0
7183,0.125
7184,0.5
7185,0.125
7186,0.5
7187,0.125
7188,1.0
7189,0.125
7190,0.5
7191,0.125
7192,1.0
7193,0.125
7194,0.25
7195,0.25
7196,0.25
7197,0.125
7198,1.0
7199,0.125
7200,0.5
7201,0.125
7202,0.5
7203,0.125
7204,1.0
7205,0.125
7206,0.5
7207,0.125
7208,1.0
7209,0.125
7210,0.5
7211,0.125
7212,0.5
7213,0.125
7214,1.0
7215,0.125
7216,0.5
7217,0.125
7218,1.0
7219,0.125
7220,0.5
7221,0.125
7222,0.5
7223,0.125
7224,1.0
7225,0.125
7226,0.5
7227,0.125
7228,0.5
7229,0.125
7230,1.0
7231,0.125
7232,0.5
7233,0.125
7234,1.0
7235,0.125
7236,0.5
7237,0.125
7238,0.5
7239,0.125
7240,1.0
7241,0.125
7242,0.5
7243,0.125
7244,1.0
7245,0.125
7246,0.5
7247,0.125
7248,0.5
7249,0.125
7250,1.0
7251,0.125
7252,0.5
7253,0.125
7254,0.5
7255,0.125
7256,1.0
7257,0.125
7258,0.5
7259,0.125
7260,1.0
7261,0.125
7262,0.5
7263,0.125
7264,0.5
7265,0.125
7266,1.0
7267,0.125
7268,0.5
7269,0.125
7270,1.0
7271,0.125
7272,0.5
7273,0.125
7274,0.5
7275,0.125
7276,1.0
7277,0.125
7278,0.5
7279,0.125
7280,1.0
7281,0.125
7282,0.25
7283,0.25
7284,0.25
7285,0.125
7286,1.0
7287,0.125
7288,0.5
7289,0.125
7290,0.5
7291,0.125
7292,1.0
7293,0.125
7294,0.5
7295,0.125
7296,1.0
7297,0.125
7298,0.5
7299,0.125
7300,0.5
7301,0.125
7302,1.0
7303,0.125
7304,0.5
7305,0.125
7306,1.0
7307,0.125
7308,0.5
7309,0.125
7310,0.5
7311,0.125
7312,1.0
7313,0.125
7314,0.5
7315,0.125
7316,0.5
7317,0.125
7318,1.0
7319,0.125
7320,0.5
7321,0.125
7322,1.0
7323,0.125
7324,0.5
7325,0.125
7326,0.5
7327,0.125
7328,1.0
7329,0.125
7330,0.5
7331,0.125
7332,1.0
7333,0.125
7334,0.5
7335,0.125
7336,0.5
7337,0.125
7338,1.0
7339,0.125
7340,0.5
7341,0.125
7342,0.5
7343,0.125
7344,1.0
7345,0.125
7346,0.5
7347,0.125
7348,1.0
7349,0.125
7350,0.5
7351,0.125
7352,0.5
7353,0.125
7354,1.0
7355,0.125
7356,0.5
7357,0.125
7358,1.0
7359,0.125
7360,0.5
7361,0.125
7362,0.5
7363,0.125
7364,1.0
7365,0.125
7366,0.5
7367,0.125
7368,1.0
7369,0.125
7370,0.25
7371,0.25
7372,0.25
7373,0.125
7374,1.0
7375,0.125
7376,0.5
7377,0.125
7378,0.5
7379,0.125
7380,1.0
7381,0.125
7382,0.5
7383,0.125
7384,1.0
7385,0.125
7386,0.5
7387,0.125
7388,0.5
7389,0.125
7390,1.0
7391,0.125
7392,0.5
7393,0.125
7394,1.0
7395,0.125
7396,0.5
7397,0.125
7398,0.5
7399,0.125
